,map_id,model,prompt_id,avg_model_score,max_model_score,std_model_score,n_model_runs,map_size,abstractability,instruction,necessary_context,background_context,representation_key,output,avg_gain,avg_rel_gain,avg_gain_diff,n_plan_runs
0,map_3x3_36a9049c34,deepseek-r1:14b,0,0.3454040404040404,0.5,0.07501587723501306,20,3,partial abstraction,role1,necessary-domain2,domain2,text,out2,-0.3748639319638411,-41.78157434955612,0.4825699157317479,20
1,map_3x3_36a9049c34,deepseek-r1:14b,1,0.35543290043290043,0.5,0.07813525875355087,20,3,partial abstraction,role1,necessary-domain2,domain2,json,out2,-0.37094027721881867,-34.26754512139905,0.47794151646892236,20
2,map_3x3_36a9049c34,deepseek-r1:14b,2,0.4119191919191919,1.0,0.16214943916335098,20,3,partial abstraction,role1,necessary-domain1,test3,text,out1,0.11241820087035499,0.8380045125211323,-0.0023152707517146904,20
3,map_3x3_36a9049c34,deepseek-r1:14b,3,0.41370298608201833,1.0,0.15394332045470324,20,3,partial abstraction,role1,necessary-domain1,test3,json,out1,0.10916274703542392,0.9873718366065249,-0.001557839572429634,20
4,map_3x3_36a9049c34,deepseek-r1:14b,4,0.3910695187165775,0.6666666666666666,0.0901702638190325,20,3,partial abstraction,relation1,necessary-domain2,test3,text,out2,-0.37199773361285526,-77.12841413338282,0.4780511500239372,20
5,map_3x3_36a9049c34,deepseek-r1:14b,5,0.42091022866022865,1.0,0.15258527797898372,20,3,partial abstraction,relation1,necessary-domain2,test3,json,out2,0.10624041233460109,0.9504417087165397,0.0011154456436634126,20
6,map_3x3_36a9049c34,deepseek-r1:14b,6,0.3635242535242535,0.5,0.09035977782910001,20,3,partial abstraction,relation2,necessary-domain2,performance3,text,out2,-0.37214726668596265,-36.55317838597978,0.47830909528334936,20
7,map_3x3_36a9049c34,deepseek-r1:14b,7,0.33434421787362967,0.46153846153846156,0.06429259841994357,20,3,partial abstraction,relation2,necessary-domain2,performance3,json,out2,-0.37217549638946845,-inf,0.47862838801741603,20
8,map_3x3_36a9049c34,deepseek-r1:14b,8,0.41409380652027716,1.0,0.16118787129436085,20,3,partial abstraction,role3,necessary-domain1,domain3,text,out2,0.10385331854224207,1.0080108977805167,0.006223419864972418,20
9,map_3x3_36a9049c34,deepseek-r1:14b,9,0.40359758297258297,0.6666666666666666,0.09013269261720432,20,3,partial abstraction,role3,necessary-domain1,domain3,json,out2,0.10868262368440632,0.959349148576503,2.028755346934752e-05,20
10,map_3x3_36a9049c34,deepseek-r1:14b,10,0.36502164502164497,0.5,0.06912198354849056,60,3,partial abstraction,gpt1,domain2,test1,text,out4,0.09541247544686002,0.8710455287898158,0.01823904258012773,20
11,map_3x3_36a9049c34,deepseek-r1:14b,11,0.4266666666666667,0.5,0.057506243008338544,60,3,partial abstraction,gpt1,domain2,test1,json,out4,0.09177645326654119,0.9204658116456859,0.01814325668414433,20
12,map_3x3_36a9049c34,deepseek-r1:32b,0,0.35223376623376623,0.5,0.05758738218577591,20,3,partial abstraction,role1,necessary-domain2,domain2,text,out2,-0.37296958862741786,-41.58217123920072,0.4783039936423302,20
13,map_3x3_36a9049c34,deepseek-r1:32b,1,0.36718614718614717,0.42857142857142855,0.018071686328339505,20,3,partial abstraction,role1,necessary-domain2,domain2,json,out2,-0.37745611523588496,-3.2481143672165786,0.4821020959417025,20
14,map_3x3_36a9049c34,deepseek-r1:32b,2,0.4158626096126096,0.5714285714285714,0.06771185908878369,20,3,partial abstraction,role1,necessary-domain1,test3,text,out1,0.09869771484533947,1.1727721300210812,0.01461487620075543,20
15,map_3x3_36a9049c34,deepseek-r1:32b,3,0.42666666666666664,1.0,0.14595739767185795,20,3,partial abstraction,role1,necessary-domain1,test3,json,out1,0.1032292548219363,0.9884359676020212,0.002473581125338875,20
16,map_3x3_36a9049c34,deepseek-r1:32b,4,0.3855176767676768,0.5,0.06027968311536716,20,3,partial abstraction,relation1,necessary-domain2,test3,text,out2,0.0891796000202497,1.796087256340649,0.014086480110883717,20
17,map_3x3_36a9049c34,deepseek-r1:32b,5,0.39806138306138306,0.5,0.074102595919612,20,3,partial abstraction,relation1,necessary-domain2,test3,json,out2,0.09831112891435626,1.041664381551464,0.012614981214205429,20
18,map_3x3_36a9049c34,deepseek-r1:32b,6,0.45323565323565324,0.6666666666666666,0.08316746448085782,20,3,partial abstraction,relation2,necessary-domain2,performance3,text,out2,0.10723621001839638,0.931319224657648,0.004274503529071808,20
19,map_3x3_36a9049c34,deepseek-r1:32b,7,0.3992735042735043,0.5,0.06467544957231232,20,3,partial abstraction,relation2,necessary-domain2,performance3,json,out2,0.08809119985500971,1.0316850901320405,0.011992576430241274,20
20,map_3x3_36a9049c34,deepseek-r1:32b,8,0.4064889011697522,1.0,0.1596365409389532,20,3,partial abstraction,role3,necessary-domain1,domain3,text,out2,0.10995936529835067,1.0973715721186066,0.0030061548848946905,20
21,map_3x3_36a9049c34,deepseek-r1:32b,9,0.3944444444444445,0.5,0.0631403068380302,20,3,partial abstraction,role3,necessary-domain1,domain3,json,out2,0.10015441702802977,inf,0.012475132326285035,20
22,map_3x3_36a9049c34,deepseek-r1:32b,10,0.4120328282828283,0.6666666666666666,0.07793029158721781,60,3,partial abstraction,gpt1,domain2,test1,text,out4,-0.42887615311713445,-inf,0.4968102949857712,56
23,map_3x3_36a9049c34,deepseek-r1:32b,11,0.41747474747474744,0.5,0.06657017810857048,60,3,partial abstraction,gpt1,domain2,test1,json,out4,-0.3741732544898987,-89.3895785632375,0.47832812781135237,20
24,map_3x3_36a9049c34,deepseek-r1:70b,0,0.40846320346320353,0.5,0.055854571153199514,20,3,partial abstraction,role1,necessary-domain2,domain2,text,out2,0.09822305096189181,1.2126546415090218,0.012905788888533918,20
25,map_3x3_36a9049c34,deepseek-r1:70b,1,0.37636363636363634,0.4,0.017794926724712473,20,3,partial abstraction,role1,necessary-domain2,domain2,json,out2,-0.36999456711610157,-inf,0.4761563672622045,20
26,map_3x3_36a9049c34,deepseek-r1:70b,2,0.4007131465026202,0.6666666666666666,0.09230656183517723,20,3,partial abstraction,role1,necessary-domain1,test3,text,out1,-0.4285353132904995,137.88108436671692,0.4967529655283406,56
27,map_3x3_36a9049c34,deepseek-r1:70b,3,0.3933838383838384,0.5,0.056246226314684955,20,3,partial abstraction,role1,necessary-domain1,test3,json,out1,0.05717625271706355,0.8967551511602811,0.008285472605909608,56
28,map_3x3_36a9049c34,deepseek-r1:70b,4,0.39112276612276614,0.5,0.07663414711593929,20,3,partial abstraction,relation1,necessary-domain2,test3,text,out2,0.058645916205076955,0.9158159731415726,0.007696606293320647,56
29,map_3x3_36a9049c34,deepseek-r1:70b,5,0.41994299607202834,0.5714285714285714,0.09137155458377245,20,3,partial abstraction,relation1,necessary-domain2,test3,json,out2,-0.4305055925959632,-inf,0.49617457667986553,56
30,map_3x3_36a9049c34,deepseek-r1:70b,6,0.39986291486291486,0.5,0.07360938522195998,20,3,partial abstraction,relation2,necessary-domain2,performance3,text,out2,0.09390963423252106,1.0586937486893915,0.012933852871259047,20
31,map_3x3_36a9049c34,deepseek-r1:70b,7,0.36322510822510823,0.5,0.04595606432735717,20,3,partial abstraction,relation2,necessary-domain2,performance3,json,out2,-0.3709659162958463,-69.39662445019663,0.48206535217165947,20
32,map_3x3_36a9049c34,deepseek-r1:70b,8,0.3709178321678322,0.5,0.0647179667931047,20,3,partial abstraction,role3,necessary-domain1,domain3,text,out2,0.05685950384608337,inf,0.010303413687007764,56
33,map_3x3_36a9049c34,deepseek-r1:70b,9,0.3581818181818182,0.4,0.03781781376339119,20,3,partial abstraction,role3,necessary-domain1,domain3,json,out2,-0.37030084908008576,65.6430563027158,0.4815649970869223,20
34,map_3x3_36a9049c34,deepseek-r1:70b,10,0.3987373737373738,0.5,0.05382147603633434,60,3,partial abstraction,gpt1,domain2,test1,text,out4,0.056700997331312744,1.139059254001171,0.011375933353390013,56
35,map_3x3_36a9049c34,deepseek-r1:70b,11,0.3404049561986226,0.5,0.060952355568215925,60,3,partial abstraction,gpt1,domain2,test1,json,out4,-0.42998435727542356,-inf,0.4953699568836462,56
36,map_3x3_36a9049c34,deepseek-r1:7b,0,0.3567273119037825,0.5,0.08013759871173104,20,3,partial abstraction,role1,necessary-domain2,domain2,text,out2,0.08850395728151006,0.7766433036677889,0.021023623953262953,20
37,map_3x3_36a9049c34,deepseek-r1:7b,1,0.388992118992119,0.5,0.055377596887339474,20,3,partial abstraction,role1,necessary-domain2,domain2,json,out2,0.08372758008042974,0.8374516120656041,0.018684694786866518,20
38,map_3x3_36a9049c34,deepseek-r1:7b,2,0.40413269526172757,0.5714285714285714,0.08042548751397467,20,3,partial abstraction,role1,necessary-domain1,test3,text,out1,0.09239066180586815,0.7803515018581474,0.014935117751359953,20
39,map_3x3_36a9049c34,deepseek-r1:7b,3,0.372627886002886,0.5,0.058282767858545304,20,3,partial abstraction,role1,necessary-domain1,test3,json,out1,-0.37209819255272547,-84.85851458431604,0.47721911550561585,20
40,map_3x3_36a9049c34,deepseek-r1:7b,4,0.39554445554445555,0.5,0.06117568169810535,20,3,partial abstraction,relation1,necessary-domain2,test3,text,out2,0.11575112568338715,inf,-0.005312675714492796,20
41,map_3x3_36a9049c34,deepseek-r1:7b,5,0.3898984348984349,0.5,0.06616026092105964,20,3,partial abstraction,relation1,necessary-domain2,test3,json,out2,0.11319939729571345,0.9209034281709417,-0.0029985059301058476,20
42,map_3x3_36a9049c34,deepseek-r1:7b,6,0.3877306027306027,0.6666666666666666,0.08678802711426002,20,3,partial abstraction,relation2,necessary-domain2,performance3,text,out2,-0.3673902572492758,-74.55263682866719,0.4815789250830809,20
43,map_3x3_36a9049c34,deepseek-r1:7b,7,0.4008721670486376,0.6666666666666666,0.09833290505914234,20,3,partial abstraction,relation2,necessary-domain2,performance3,json,out2,-0.37247340324521067,-29.7088082929015,0.4786769746939341,20
44,map_3x3_36a9049c34,deepseek-r1:7b,8,0.3911183261183261,0.5,0.06357726552956482,20,3,partial abstraction,role3,necessary-domain1,domain3,text,out2,-0.3733995695114135,-49.81876622241624,0.4816922590533892,20
45,map_3x3_36a9049c34,deepseek-r1:7b,9,0.3823470973470974,0.5,0.061231480327787885,20,3,partial abstraction,role3,necessary-domain1,domain3,json,out2,0.0917558688223362,1.590097400238977,0.012971850732962292,20
46,map_3x3_36a9049c34,deepseek-r1:7b,10,0.4237445887445887,0.5,0.059923773140939156,60,3,partial abstraction,gpt1,domain2,test1,text,out4,0.08074850017825763,0.7604018825379366,0.018368402391672135,20
47,map_3x3_36a9049c34,deepseek-r1:7b,11,0.41449632067279124,0.5,0.07474564089461369,60,3,partial abstraction,gpt1,domain2,test1,json,out4,0.08726187891761461,0.8348647769379773,0.017788870930671698,20
48,map_3x3_36a9049c34,deepseek-r1:8b,0,0.4081645021645022,0.5714285714285714,0.07291182466821551,20,3,partial abstraction,role1,necessary-domain2,domain2,text,out2,0.08802041443188985,0.9127348389412393,0.02007993577917417,20
49,map_3x3_36a9049c34,deepseek-r1:8b,1,0.3743939393939394,0.5,0.05184223958166435,20,3,partial abstraction,role1,necessary-domain2,domain2,json,out2,0.09092725830276809,0.9500037008239364,0.01844381898641586,20
50,map_3x3_36a9049c34,deepseek-r1:8b,2,0.39457953394123607,0.5,0.08361632116354095,20,3,partial abstraction,role1,necessary-domain1,test3,text,out1,-0.3707811285058657,8.470915236407757,0.47919778690735504,20
51,map_3x3_36a9049c34,deepseek-r1:8b,3,0.3697922520377418,0.6666666666666666,0.08706925248977394,20,3,partial abstraction,role1,necessary-domain1,test3,json,out1,-0.3719728456834952,-43.533000457004924,0.4778363436361154,20
52,map_3x3_36a9049c34,deepseek-r1:8b,4,0.3377217341482047,0.46153846153846156,0.04864423090601536,20,3,partial abstraction,relation1,necessary-domain2,test3,text,out2,-0.36684580467144645,-30.579349554391484,0.481464624106884,20
53,map_3x3_36a9049c34,deepseek-r1:8b,5,0.398011988011988,0.5,0.06720289343212045,20,3,partial abstraction,relation1,necessary-domain2,test3,json,out2,-0.36917380478978157,-29.088814567675996,0.4827690436045328,20
54,map_3x3_36a9049c34,deepseek-r1:8b,6,0.34829004329004326,0.5,0.0705707341115126,20,3,partial abstraction,relation2,necessary-domain2,performance3,text,out2,-0.37645013520121573,-66.15356263664275,0.48054542642831805,20
55,map_3x3_36a9049c34,deepseek-r1:8b,7,0.39052261747913924,0.5,0.0743633101591875,20,3,partial abstraction,relation2,necessary-domain2,performance3,json,out2,0.08939670843879383,0.9211548196902102,0.019668939570585905,20
56,map_3x3_36a9049c34,deepseek-r1:8b,8,0.4067926517926518,0.5714285714285714,0.09141959725319626,20,3,partial abstraction,role3,necessary-domain1,domain3,text,out2,0.091459728628397,0.8464741143790728,0.01923048225045203,20
57,map_3x3_36a9049c34,deepseek-r1:8b,9,0.4088961038961039,0.5,0.07432502593881496,20,3,partial abstraction,role3,necessary-domain1,domain3,json,out2,-0.37027824941277504,-47.31264296428708,0.48134967933098477,20
58,map_3x3_36a9049c34,deepseek-r1:8b,10,0.3313363303363303,0.5,0.05883057508008065,60,3,partial abstraction,gpt1,domain2,test1,text,out4,0.10796988034248353,0.9582949426932469,0.003135643611351663,20
59,map_3x3_36a9049c34,deepseek-r1:8b,11,0.4096710329899985,0.5,0.06558472698180762,60,3,partial abstraction,gpt1,domain2,test1,json,out4,-0.3710025482376416,-65.70977370854983,0.4804428163766861,20
60,map_3x3_36a9049c34,llama3.1:70b,0,0.358235877943195,0.6666666666666666,0.08106717815810803,20,3,partial abstraction,role1,necessary-domain2,domain2,text,out2,0.09625845108429591,0.713473823922951,0.014056711574395522,20
61,map_3x3_36a9049c34,llama3.1:70b,1,0.39655555555555555,0.5,0.0563635973010484,20,3,partial abstraction,role1,necessary-domain2,domain2,json,out2,-0.3714487788279851,-33.20448845812442,0.4795588292280833,20
62,map_3x3_36a9049c34,llama3.1:70b,2,0.3774978354978355,0.5,0.04952120360814515,20,3,partial abstraction,role1,necessary-domain1,test3,text,out1,-0.37307655121882755,-39.50272613588603,0.4823888611694177,20
63,map_3x3_36a9049c34,llama3.1:70b,3,0.45017316017316017,0.6666666666666666,0.08352582322079073,20,3,partial abstraction,role1,necessary-domain1,test3,json,out1,0.09720567210515342,0.8714088978613432,0.010041800181070959,20
64,map_3x3_36a9049c34,llama3.1:70b,4,0.3536497162967751,0.5,0.053688425868019196,20,3,partial abstraction,relation1,necessary-domain2,test3,text,out2,-0.3733875971833865,-84.13829212392803,0.4785369183321794,20
65,map_3x3_36a9049c34,llama3.1:70b,5,0.3848484848484849,0.4444444444444444,0.039285418759078865,20,3,partial abstraction,relation1,necessary-domain2,test3,json,out2,-0.37200751831134155,-53.266707045417526,0.4792225964864095,20
66,map_3x3_36a9049c34,llama3.1:70b,6,0.33417366946778715,0.4,0.04390282781117268,20,3,partial abstraction,relation2,necessary-domain2,performance3,text,out2,-0.37186246771613757,-49.65179342122433,0.4790504953563214,20
67,map_3x3_36a9049c34,llama3.1:70b,7,0.39246031746031745,0.5714285714285714,0.0673373492256314,20,3,partial abstraction,relation2,necessary-domain2,performance3,json,out2,-0.3690145548681418,-38.77576553757963,0.4802874476015567,20
68,map_3x3_36a9049c34,llama3.1:70b,8,0.34995882166613873,0.5714285714285714,0.061387644512753116,20,3,partial abstraction,role3,necessary-domain1,domain3,text,out2,-0.3698075069785118,-27.905326349027355,0.47999138879776,20
69,map_3x3_36a9049c34,llama3.1:70b,9,0.41135642135642136,0.6666666666666666,0.07738471257325696,20,3,partial abstraction,role3,necessary-domain1,domain3,json,out2,0.09404258909821513,0.7612573842525043,0.012409504254659021,20
70,map_3x3_36a9049c34,llama3.1:70b,10,0.3658008658008658,0.5,0.06589300020776186,60,3,partial abstraction,gpt1,domain2,test1,text,out4,-0.372338647544384,-32.34194877047125,0.4822714696526528,20
71,map_3x3_36a9049c34,llama3.1:70b,11,0.43523809523809526,0.5714285714285714,0.07213372671747277,60,3,partial abstraction,gpt1,domain2,test1,json,out4,-0.37239613631367685,-46.13698053420679,0.4774468223353227,20
72,map_3x3_36a9049c34,llama3.1:8b,0,0.33451881451881454,0.4,0.04939363093636307,20,3,partial abstraction,role1,necessary-domain2,domain2,text,out2,-0.3701061776081721,-46.33283167012198,0.48213150340318683,20
73,map_3x3_36a9049c34,llama3.1:8b,1,0.3556190476190476,0.4,0.042150566390574025,20,3,partial abstraction,role1,necessary-domain2,domain2,json,out2,-0.3703167810539404,-29.363368848238906,0.47926329536239304,20
74,map_3x3_36a9049c34,llama3.1:8b,2,0.40885918003565064,0.6666666666666666,0.08520721088091342,20,3,partial abstraction,role1,necessary-domain1,test3,text,out1,-0.37052211436629295,-120.9951858151876,0.48136275674899415,20
75,map_3x3_36a9049c34,llama3.1:8b,3,0.378584719374193,0.5,0.06682775114829427,20,3,partial abstraction,role1,necessary-domain1,test3,json,out1,-0.36851195287704464,-29.804554020035482,0.4812349662979444,20
76,map_3x3_36a9049c34,llama3.1:8b,4,0.3176942355889724,0.4,0.03606515419890832,20,3,partial abstraction,relation1,necessary-domain2,test3,text,out2,-0.3740987374683221,-41.317139397468125,0.48228896328806875,20
77,map_3x3_36a9049c34,llama3.1:8b,5,0.3946897546897547,0.5,0.050849730325627465,20,3,partial abstraction,relation1,necessary-domain2,test3,json,out2,-0.37285818277796107,-29.251231144299275,0.4802124550640583,20
78,map_3x3_36a9049c34,llama3.1:8b,6,0.33161838161838164,0.36363636363636365,0.02826433280198893,20,3,partial abstraction,relation2,necessary-domain2,performance3,text,out2,-0.3713911418120066,-inf,0.4775097968280315,20
79,map_3x3_36a9049c34,llama3.1:8b,7,0.36098845598845597,0.5,0.05331100789985564,20,3,partial abstraction,relation2,necessary-domain2,performance3,json,out2,-0.3727946959535281,-32.51526863131282,0.4783184979160627,20
80,map_3x3_36a9049c34,llama3.1:8b,8,0.37303030303030305,0.5,0.05480920439563271,20,3,partial abstraction,role3,necessary-domain1,domain3,text,out2,-0.37040788199504215,-37.65046514591411,0.4792203897337119,20
81,map_3x3_36a9049c34,llama3.1:8b,9,0.39150375939849624,0.6666666666666666,0.08774442891000939,20,3,partial abstraction,role3,necessary-domain1,domain3,json,out2,-0.36989135669668516,23.88953543330695,0.4802824538449446,20
82,map_3x3_36a9049c34,llama3.1:8b,10,0.3541010602300925,0.5,0.07327061229721246,60,3,partial abstraction,gpt1,domain2,test1,text,out4,-0.37111189402143163,12.02022928362885,0.47925790145993225,20
83,map_3x3_36a9049c34,llama3.1:8b,11,0.38681474846992087,0.5714285714285714,0.09037577785885019,60,3,partial abstraction,gpt1,domain2,test1,json,out4,-0.3732006849348545,-17.354581546043903,0.48065524913867314,20
84,map_3x3_36a9049c34,llama3.3:70b,0,0.3696103896103896,0.4,0.050345055736921066,20,3,partial abstraction,role1,necessary-domain2,domain2,text,out2,-0.3764806789457798,-32.140584193227184,0.4792442498703798,20
85,map_3x3_36a9049c34,llama3.3:70b,1,0.3698701298701299,0.4,0.04552499179263721,20,3,partial abstraction,role1,necessary-domain2,domain2,json,out2,-0.3724003583788872,-inf,0.4764844939907392,20
86,map_3x3_36a9049c34,llama3.3:70b,2,0.29047619047619044,0.3333333333333333,0.014656833601216487,20,3,partial abstraction,role1,necessary-domain1,test3,text,out1,-0.3729918260773023,-39.56074285747627,0.47991653606295587,20
87,map_3x3_36a9049c34,llama3.3:70b,3,0.4066666666666666,0.4444444444444444,0.016282113268112134,20,3,partial abstraction,role1,necessary-domain1,test3,json,out1,-0.37131577487786604,-354.41672688747065,0.47992711663246157,20
88,map_3x3_36a9049c34,llama3.3:70b,4,0.29047619047619044,0.3333333333333333,0.014656833601216494,20,3,partial abstraction,relation1,necessary-domain2,test3,text,out2,-0.3683393332759539,-48.33067666812506,0.47774250520269074,20
89,map_3x3_36a9049c34,llama3.3:70b,5,0.4,0.4,0.0,20,3,partial abstraction,relation1,necessary-domain2,test3,json,out2,-0.37131600875655807,-32.88318675824513,0.4803299575348695,20
90,map_3x3_36a9049c34,llama3.3:70b,6,0.37345767575322814,0.4,0.047167866695205105,20,3,partial abstraction,relation2,necessary-domain2,performance3,text,out2,-0.37260457041859624,-inf,0.4797444926202298,20
91,map_3x3_36a9049c34,llama3.3:70b,7,0.4,0.4,0.0,20,3,partial abstraction,relation2,necessary-domain2,performance3,json,out2,-0.3728330545326074,-83.20755956681809,0.48088417294621466,20
92,map_3x3_36a9049c34,llama3.3:70b,8,0.310952380952381,0.4,0.04688914285193014,20,3,partial abstraction,role3,necessary-domain1,domain3,text,out2,-0.37509616924325623,45.73010037629536,0.480602061877648,20
93,map_3x3_36a9049c34,llama3.3:70b,9,0.4,0.4,0.0,20,3,partial abstraction,role3,necessary-domain1,domain3,json,out2,-0.37030505427718163,-29.69579001721304,0.48182094901800154,20
94,map_3x3_36a9049c34,llama3.3:70b,10,0.3545436507936508,0.5,0.053475864585107766,60,3,partial abstraction,gpt1,domain2,test1,text,out4,-0.36898840325077376,-34.00582639530368,0.4794201082289219,20
95,map_3x3_36a9049c34,llama3.3:70b,11,0.4313450292397661,0.5,0.0631001597324299,60,3,partial abstraction,gpt1,domain2,test1,json,out4,-0.3724956165750821,-36.345647760281935,0.4817271649340788,20
96,map_3x3_4581d67942,deepseek-r1:14b,0,0.4499902970592625,0.5555555555555556,0.09395573565906838,20,3,perfect abstraction,role1,necessary-domain2,domain2,text,out2,-0.3655346965491772,-inf,0.40555331045389176,20
97,map_3x3_4581d67942,deepseek-r1:14b,1,0.4413118869269453,0.5714285714285714,0.09222315635834868,20,3,perfect abstraction,role1,necessary-domain2,domain2,json,out2,0.016667529155810695,0.5629150413265502,0.01933119713266691,20
98,map_3x3_4581d67942,deepseek-r1:14b,2,0.43638184038184036,0.5714285714285714,0.06101442399195234,20,3,perfect abstraction,role1,necessary-domain1,test3,text,out1,-0.44881480498115217,-inf,0.4858091521362463,20
99,map_3x3_4581d67942,deepseek-r1:14b,3,0.42828282828282827,0.5714285714285714,0.061490542417781534,20,3,perfect abstraction,role1,necessary-domain1,test3,json,out1,-0.4480718995233377,-inf,0.4829056587914626,20
100,map_3x3_4581d67942,deepseek-r1:14b,4,0.39496288003184554,0.5,0.06035141795491735,20,3,perfect abstraction,relation1,necessary-domain2,test3,text,out2,0.039679881374041236,,0.002239535282055535,20
101,map_3x3_4581d67942,deepseek-r1:14b,5,0.47125874125874123,1.0,0.13927859786280888,20,3,perfect abstraction,relation1,necessary-domain2,test3,json,out2,0.03807914729913074,0.9073413894176332,-0.004250658939282101,20
102,map_3x3_4581d67942,deepseek-r1:14b,6,0.4600820076490808,1.0,0.15468923026659842,20,3,perfect abstraction,relation2,necessary-domain2,performance3,text,out2,0.036112054665883395,0.6996400399171512,0.001492920865615205,20
103,map_3x3_4581d67942,deepseek-r1:14b,7,0.4321358663207187,0.5714285714285714,0.0691683069479638,20,3,perfect abstraction,relation2,necessary-domain2,performance3,json,out2,-0.44790079328417776,-inf,0.4845802603662014,20
104,map_3x3_4581d67942,deepseek-r1:14b,8,0.40728223748875925,0.5454545454545454,0.07319376263447337,20,3,perfect abstraction,role3,necessary-domain1,domain3,text,out2,-0.44483513112862905,-inf,0.4849787067373594,20
105,map_3x3_4581d67942,deepseek-r1:14b,9,0.4269050756007278,0.5,0.0489087721285931,20,3,perfect abstraction,role3,necessary-domain1,domain3,json,out2,-0.4493756668567658,-23.165696062858114,0.4877077075242996,20
106,map_3x3_4581d67942,deepseek-r1:14b,10,0.37622222222222224,0.4444444444444444,0.04752294849884479,60,3,perfect abstraction,gpt1,domain2,test1,text,out4,-0.44796493590871495,66.64078304230709,0.4832935910920302,20
107,map_3x3_4581d67942,deepseek-r1:14b,11,0.4363550338550339,0.5714285714285714,0.07270889241221118,60,3,perfect abstraction,gpt1,domain2,test1,json,out4,-0.44611517526706057,-inf,0.48468398507436117,20
108,map_3x3_4581d67942,deepseek-r1:32b,0,0.40010101010101007,0.5555555555555556,0.1018161530167006,20,3,perfect abstraction,role1,necessary-domain2,domain2,text,out2,-0.3643929961820444,6.382960887452279,0.4061315208077431,20
109,map_3x3_4581d67942,deepseek-r1:32b,1,0.43894901394901387,0.5714285714285714,0.05430398421175691,20,3,perfect abstraction,role1,necessary-domain2,domain2,json,out2,-0.4449522649447123,-inf,0.48344674003124233,20
110,map_3x3_4581d67942,deepseek-r1:32b,2,0.40621212121212125,0.5,0.04226226006511653,20,3,perfect abstraction,role1,necessary-domain1,test3,text,out1,0.043264833182096486,,-0.003958995421727484,20
111,map_3x3_4581d67942,deepseek-r1:32b,3,0.4341666666666667,0.5,0.052079761782304536,20,3,perfect abstraction,role1,necessary-domain1,test3,json,out1,-0.44130067998170847,-inf,0.48483469277620317,20
112,map_3x3_4581d67942,deepseek-r1:32b,4,0.45888500388500386,1.0,0.140684838226287,20,3,perfect abstraction,relation1,necessary-domain2,test3,text,out2,0.03995157513022425,1.0857019752797368,-0.0014194384713967945,20
113,map_3x3_4581d67942,deepseek-r1:32b,5,0.45214409583974796,0.5,0.040718643750210934,20,3,perfect abstraction,relation1,necessary-domain2,test3,json,out2,0.040621804078420025,-inf,-0.001126435319582647,20
114,map_3x3_4581d67942,deepseek-r1:32b,6,0.43969696969696964,0.6666666666666666,0.07733627468484457,20,3,perfect abstraction,relation2,necessary-domain2,performance3,text,out2,-0.44481600930293397,-inf,0.4846948200960954,20
115,map_3x3_4581d67942,deepseek-r1:32b,7,0.43769841269841264,0.5,0.016542882809896204,20,3,perfect abstraction,relation2,necessary-domain2,performance3,json,out2,0.03862999669710795,0.7490769701755626,0.002075274099906299,20
116,map_3x3_4581d67942,deepseek-r1:32b,8,0.4518216729507052,0.5714285714285714,0.08978392356257552,20,3,perfect abstraction,role3,necessary-domain1,domain3,text,out2,-0.20115233528614046,-inf,0.236309236039718,20
117,map_3x3_4581d67942,deepseek-r1:32b,9,0.44257131757131757,0.5714285714285714,0.07485922243316098,20,3,perfect abstraction,role3,necessary-domain1,domain3,json,out2,-0.4440187374949455,-inf,0.48496759885549545,20
118,map_3x3_4581d67942,deepseek-r1:32b,10,0.4239241221741222,0.5714285714285714,0.08173012121586264,60,3,perfect abstraction,gpt1,domain2,test1,text,out4,-0.4747454359098559,-inf,0.4989144473984128,56
119,map_3x3_4581d67942,deepseek-r1:32b,11,0.4818831168831169,1.0,0.13452425179730879,60,3,perfect abstraction,gpt1,domain2,test1,json,out4,0.04273068933685622,,-0.0005489710271358473,20
120,map_3x3_4581d67942,deepseek-r1:70b,0,0.48577200577200574,0.5714285714285714,0.07605414362536561,20,3,perfect abstraction,role1,necessary-domain2,domain2,text,out2,-0.4071752543946108,-inf,0.4422383180061977,20
121,map_3x3_4581d67942,deepseek-r1:70b,1,0.4440981240981241,0.5714285714285714,0.040603571591141197,20,3,perfect abstraction,role1,necessary-domain2,domain2,json,out2,-0.4453017091850439,-inf,0.4848707285026709,20
122,map_3x3_4581d67942,deepseek-r1:70b,2,0.4488365800865801,0.6,0.06303160857538917,20,3,perfect abstraction,role1,necessary-domain1,test3,text,out1,-0.47550051975463115,-inf,0.4994703331979967,56
123,map_3x3_4581d67942,deepseek-r1:70b,3,0.4183694083694084,0.5714285714285714,0.06606480510083583,20,3,perfect abstraction,role1,necessary-domain1,test3,json,out1,-0.2279296672415166,-inf,0.25115681857580235,56
124,map_3x3_4581d67942,deepseek-r1:70b,4,0.4795428913192071,1.0,0.14071998790935267,20,3,perfect abstraction,relation1,necessary-domain2,test3,text,out2,0.024467140461007755,-inf,0.00021412629101958243,56
125,map_3x3_4581d67942,deepseek-r1:70b,5,0.42091443901770836,0.6,0.07392695020542123,20,3,perfect abstraction,relation1,necessary-domain2,test3,json,out2,-0.4763699472731068,-inf,0.49851191259920596,56
126,map_3x3_4581d67942,deepseek-r1:70b,6,0.44995237486091144,0.5714285714285714,0.08791412854552395,20,3,perfect abstraction,relation2,necessary-domain2,performance3,text,out2,-0.445715702633063,-174.56289711955708,0.4821478600998719,20
127,map_3x3_4581d67942,deepseek-r1:70b,7,0.44687607785168754,0.6,0.07304285675374428,20,3,perfect abstraction,relation2,necessary-domain2,performance3,json,out2,-0.44681020922462145,-inf,0.4848985274136067,20
128,map_3x3_4581d67942,deepseek-r1:70b,8,0.3804679833993829,0.5714285714285714,0.06651023203409898,20,3,perfect abstraction,role3,necessary-domain1,domain3,text,out2,-0.47780740375674907,-inf,0.49845280009721005,56
129,map_3x3_4581d67942,deepseek-r1:70b,9,0.42786435786435784,0.5,0.03612927948942957,20,3,perfect abstraction,role3,necessary-domain1,domain3,json,out2,-0.200819882363081,-inf,0.23843302598595623,20
130,map_3x3_4581d67942,deepseek-r1:70b,10,0.4426121463077985,0.6666666666666666,0.08984558616380131,60,3,perfect abstraction,gpt1,domain2,test1,text,out4,0.022176503918710216,,0.00026853175390334694,56
131,map_3x3_4581d67942,deepseek-r1:70b,11,0.4558030858030858,0.5714285714285714,0.0635574468841573,60,3,perfect abstraction,gpt1,domain2,test1,json,out4,-0.21989241961921965,-inf,0.24147100501472044,56
132,map_3x3_4581d67942,deepseek-r1:7b,0,0.4608081981252713,0.5714285714285714,0.08413961657546692,20,3,perfect abstraction,role1,necessary-domain2,domain2,text,out2,-0.4461632921099662,-inf,0.4846384401818116,20
133,map_3x3_4581d67942,deepseek-r1:7b,1,0.4624630948172836,0.6666666666666666,0.07848718115868661,20,3,perfect abstraction,role1,necessary-domain2,domain2,json,out2,-0.4469987014830112,-inf,0.48465571314096445,20
134,map_3x3_4581d67942,deepseek-r1:7b,2,0.41514173691805273,0.6,0.07439089806541427,20,3,perfect abstraction,role1,necessary-domain1,test3,text,out1,-0.4463417204916477,-inf,0.48470545357465744,20
135,map_3x3_4581d67942,deepseek-r1:7b,3,0.4127244288256874,0.5714285714285714,0.06214507082315411,20,3,perfect abstraction,role1,necessary-domain1,test3,json,out1,0.06873700667421023,1.31972600929526,-0.028802707721789677,20
136,map_3x3_4581d67942,deepseek-r1:7b,4,0.4403063603063603,0.5714285714285714,0.07468026342752723,20,3,perfect abstraction,relation1,necessary-domain2,test3,text,out2,-0.4481690687835217,-inf,0.48727276958028476,20
137,map_3x3_4581d67942,deepseek-r1:7b,5,0.4341414141414141,0.5714285714285714,0.06839354795750854,20,3,perfect abstraction,relation1,necessary-domain2,test3,json,out2,-0.44789254798491795,-103.9193401496772,0.48509785562753677,20
138,map_3x3_4581d67942,deepseek-r1:7b,6,0.4505382163244125,0.6666666666666666,0.09742386923749738,20,3,perfect abstraction,relation2,necessary-domain2,performance3,text,out2,-0.4466810542047024,-inf,0.4824880516429742,20
139,map_3x3_4581d67942,deepseek-r1:7b,7,0.44023486008904883,0.5714285714285714,0.09722567732004563,20,3,perfect abstraction,relation2,necessary-domain2,performance3,json,out2,-0.19853884981075925,-inf,0.23621313229203228,20
140,map_3x3_4581d67942,deepseek-r1:7b,8,0.4436213786213786,0.5555555555555556,0.0490745407702141,20,3,perfect abstraction,role3,necessary-domain1,domain3,text,out2,-0.3713159182568392,-inf,0.40967673693100615,20
141,map_3x3_4581d67942,deepseek-r1:7b,9,0.447326369282891,0.5714285714285714,0.08123580216882773,20,3,perfect abstraction,role3,necessary-domain1,domain3,json,out2,-0.44760782838861146,51.98680221489489,0.48361562959353127,20
142,map_3x3_4581d67942,deepseek-r1:7b,10,0.4100739922016518,0.5,0.0625896789109226,60,3,perfect abstraction,gpt1,domain2,test1,text,out4,-0.44562312683463096,-inf,0.4841483144561449,20
143,map_3x3_4581d67942,deepseek-r1:7b,11,0.45290404040404036,0.6666666666666666,0.11076827721968409,60,3,perfect abstraction,gpt1,domain2,test1,json,out4,-0.4484315915306409,-163.82228699194116,0.48347507758935293,20
144,map_3x3_4581d67942,deepseek-r1:8b,0,0.42526398739164695,0.5714285714285714,0.08791502789232247,20,3,perfect abstraction,role1,necessary-domain2,domain2,text,out2,-0.4194692911903064,-inf,0.4564111531376839,20
145,map_3x3_4581d67942,deepseek-r1:8b,1,0.44738816738816733,1.0,0.14078085929142506,20,3,perfect abstraction,role1,necessary-domain2,domain2,json,out2,0.0428212392628193,1.2625736559213294,-0.0022109347283840175,20
146,map_3x3_4581d67942,deepseek-r1:8b,2,0.429249791144528,0.5714285714285714,0.06226826376437008,20,3,perfect abstraction,role1,necessary-domain1,test3,text,out1,-0.4450773158570131,-inf,0.48468324779470756,20
147,map_3x3_4581d67942,deepseek-r1:8b,3,0.4460822510822511,0.5714285714285714,0.07184718492523401,20,3,perfect abstraction,role1,necessary-domain1,test3,json,out1,-0.4138925589223703,-inf,0.45284030185143154,20
148,map_3x3_4581d67942,deepseek-r1:8b,4,0.37809951475805137,0.6666666666666666,0.09082433647131777,20,3,perfect abstraction,relation1,necessary-domain2,test3,text,out2,0.06565901187062265,inf,-0.028631774693727484,20
149,map_3x3_4581d67942,deepseek-r1:8b,5,0.4121672771672772,0.5,0.025666329040254846,20,3,perfect abstraction,relation1,necessary-domain2,test3,json,out2,-0.44660661848386124,-inf,0.4875327223936717,20
150,map_3x3_4581d67942,deepseek-r1:8b,6,0.38303457507404876,0.6315789473684211,0.08197912001308866,20,3,perfect abstraction,relation2,necessary-domain2,performance3,text,out2,-0.447862461835146,-inf,0.4840876309374968,20
151,map_3x3_4581d67942,deepseek-r1:8b,7,0.46143602400309713,1.0,0.14836193225447933,20,3,perfect abstraction,relation2,necessary-domain2,performance3,json,out2,0.03998208064834276,,-0.001724945624669405,20
152,map_3x3_4581d67942,deepseek-r1:8b,8,0.44801779701779704,0.5714285714285714,0.08413893031550367,20,3,perfect abstraction,role3,necessary-domain1,domain3,text,out2,-0.44908046029011406,-inf,0.4866702202260494,20
153,map_3x3_4581d67942,deepseek-r1:8b,9,0.4692640692640692,0.5714285714285714,0.062121170222201386,20,3,perfect abstraction,role3,necessary-domain1,domain3,json,out2,-0.44732941435774165,-70.9963897562271,0.4856685565511386,20
154,map_3x3_4581d67942,deepseek-r1:8b,10,0.38389273689273684,0.5714285714285714,0.06986897218994587,60,3,perfect abstraction,gpt1,domain2,test1,text,out4,-0.44752390407522513,-inf,0.48511301122109096,20
155,map_3x3_4581d67942,deepseek-r1:8b,11,0.4728571428571428,1.0,0.1338175802307585,60,3,perfect abstraction,gpt1,domain2,test1,json,out4,0.03472941229740777,-inf,0.0010862645109494696,20
156,map_3x3_4581d67942,llama3.1:70b,0,0.46885947385947385,0.6666666666666666,0.08077354787480825,20,3,perfect abstraction,role1,necessary-domain2,domain2,text,out2,0.0366647480626901,0.9432796553380298,-0.0032862698038419015,20
157,map_3x3_4581d67942,llama3.1:70b,1,0.5038777888777888,0.6666666666666666,0.08435534053049583,20,3,perfect abstraction,role1,necessary-domain2,domain2,json,out2,-0.21646217076977098,14.063704507640399,0.2522583381434282,20
158,map_3x3_4581d67942,llama3.1:70b,2,0.544753930280246,0.6666666666666666,0.06576917187118131,20,3,perfect abstraction,role1,necessary-domain1,test3,text,out1,0.040677403251330055,1.0524100610085352,-0.0008759809633095972,20
159,map_3x3_4581d67942,llama3.1:70b,3,0.49968975468975463,0.6666666666666666,0.06848923708556542,20,3,perfect abstraction,role1,necessary-domain1,test3,json,out1,0.008811747739712389,-inf,0.02576280381282171,20
160,map_3x3_4581d67942,llama3.1:70b,4,0.5194364699627857,0.6666666666666666,0.08041989597953907,20,3,perfect abstraction,relation1,necessary-domain2,test3,text,out2,-0.4479582013785839,-inf,0.48554926924904185,20
161,map_3x3_4581d67942,llama3.1:70b,5,0.5012113617376774,0.5714285714285714,0.0381701874508115,20,3,perfect abstraction,relation1,necessary-domain2,test3,json,out2,0.05728288048505783,inf,-0.01939612207810084,20
162,map_3x3_4581d67942,llama3.1:70b,6,0.4826623376623377,0.6666666666666666,0.11351096814786814,20,3,perfect abstraction,relation2,necessary-domain2,performance3,text,out2,-0.44623844284812614,-inf,0.48391129086414975,20
163,map_3x3_4581d67942,llama3.1:70b,7,0.4932539682539683,0.5714285714285714,0.03607448545186225,20,3,perfect abstraction,relation2,necessary-domain2,performance3,json,out2,0.008080233822266247,-inf,0.031777466694513964,20
164,map_3x3_4581d67942,llama3.1:70b,8,0.4973953823953824,0.8,0.11525734064019454,20,3,perfect abstraction,role3,necessary-domain1,domain3,text,out2,0.03696420811613401,-inf,0.004012800683577849,20
165,map_3x3_4581d67942,llama3.1:70b,9,0.4705627705627705,0.5714285714285714,0.051981584579938046,20,3,perfect abstraction,role3,necessary-domain1,domain3,json,out2,0.03535447662075362,inf,-0.0027039410869280607,20
166,map_3x3_4581d67942,llama3.1:70b,10,0.42407867494824014,0.5714285714285714,0.0542172216754852,60,3,perfect abstraction,gpt1,domain2,test1,text,out4,0.06324564404288928,inf,-0.027648867557446177,20
167,map_3x3_4581d67942,llama3.1:70b,11,0.4842063492063492,0.6666666666666666,0.07169884299097626,60,3,perfect abstraction,gpt1,domain2,test1,json,out4,0.06463074439764023,1.2877435904032641,-0.029010482480128587,20
168,map_3x3_4581d67942,llama3.1:8b,0,0.4369841269841269,0.6666666666666666,0.055238623375844495,20,3,perfect abstraction,role1,necessary-domain2,domain2,text,out2,-0.44999827021360395,6.899340802541792,0.4842380614777406,20
169,map_3x3_4581d67942,llama3.1:8b,1,0.44097402597402596,0.5454545454545454,0.04782269158836166,20,3,perfect abstraction,role1,necessary-domain2,domain2,json,out2,0.06667671976486841,inf,-0.02772702693939209,20
170,map_3x3_4581d67942,llama3.1:8b,2,0.4776718088674611,0.6666666666666666,0.09579841712260773,20,3,perfect abstraction,role1,necessary-domain1,test3,text,out1,-0.2277488574286302,-inf,0.26604970300197606,20
171,map_3x3_4581d67942,llama3.1:8b,3,0.5337806637806637,0.6666666666666666,0.09403354492143573,20,3,perfect abstraction,role1,necessary-domain1,test3,json,out1,-0.44856569380561506,-inf,0.48416869326432543,20
172,map_3x3_4581d67942,llama3.1:8b,4,0.47938596491228064,0.6666666666666666,0.08680315839555396,20,3,perfect abstraction,relation1,necessary-domain2,test3,text,out2,-0.4459708264569441,3.7064281314354846,0.48513064516584076,20
173,map_3x3_4581d67942,llama3.1:8b,5,0.4835645272601794,0.6666666666666666,0.08452867296549456,20,3,perfect abstraction,relation1,necessary-domain2,test3,json,out2,-0.44536351560552917,-inf,0.4836606798668702,20
174,map_3x3_4581d67942,llama3.1:8b,6,0.40454081006712583,0.5,0.043907038915667114,20,3,perfect abstraction,relation2,necessary-domain2,performance3,text,out2,-0.45057693142692246,-95.78941856105014,0.48650123261411987,20
175,map_3x3_4581d67942,llama3.1:8b,7,0.5204221141177663,0.6666666666666666,0.10213970100777044,20,3,perfect abstraction,relation2,necessary-domain2,performance3,json,out2,0.04034199991822244,inf,-0.0027329733967781157,20
176,map_3x3_4581d67942,llama3.1:8b,8,0.513391994478951,0.6666666666666666,0.08104714528190406,20,3,perfect abstraction,role3,necessary-domain1,domain3,text,out2,-0.44839335864782337,11.64119310879073,0.48586615849534665,20
177,map_3x3_4581d67942,llama3.1:8b,9,0.45952485380116953,0.6666666666666666,0.07890613922679136,20,3,perfect abstraction,role3,necessary-domain1,domain3,json,out2,-0.22007031752665843,-inf,0.256985751748085,20
178,map_3x3_4581d67942,llama3.1:8b,10,0.41840051517683097,0.5714285714285714,0.06995449919488221,60,3,perfect abstraction,gpt1,domain2,test1,text,out4,-0.44772259700298306,-inf,0.4852803294062614,20
179,map_3x3_4581d67942,llama3.1:8b,11,0.44712121212121214,0.5714285714285714,0.06723064214775888,60,3,perfect abstraction,gpt1,domain2,test1,json,out4,0.061458802759647366,inf,-0.02675861072540283,20
180,map_3x3_4581d67942,llama3.3:70b,0,0.42857142857142855,0.42857142857142855,0.0,20,3,perfect abstraction,role1,necessary-domain2,domain2,text,out2,-0.4439849722584088,-inf,0.48496714231371885,20
181,map_3x3_4581d67942,llama3.3:70b,1,0.4557142857142857,0.5,0.04655708068110288,20,3,perfect abstraction,role1,necessary-domain2,domain2,json,out2,-0.44950362892945606,92.08498416723633,0.48703136890133225,20
182,map_3x3_4581d67942,llama3.3:70b,2,0.5,0.5,0.0,20,3,perfect abstraction,role1,necessary-domain1,test3,text,out1,-0.4465486405789852,-105.04596867407172,0.4871142092049122,20
183,map_3x3_4581d67942,llama3.3:70b,3,0.5035714285714286,0.5714285714285714,0.01597191412499849,20,3,perfect abstraction,role1,necessary-domain1,test3,json,out1,-0.02785987087090811,0.13764640489119565,0.06643001730243366,20
184,map_3x3_4581d67942,llama3.3:70b,4,0.4134453781512605,0.42857142857142855,0.03103800056728197,20,3,perfect abstraction,relation1,necessary-domain2,test3,text,out2,-0.442822239001592,-inf,0.4877686920265357,20
185,map_3x3_4581d67942,llama3.3:70b,5,0.41500000000000004,0.5,0.03663475485325232,20,3,perfect abstraction,relation1,necessary-domain2,test3,json,out2,-0.44589460154374444,-inf,0.48436928946773217,20
186,map_3x3_4581d67942,llama3.3:70b,6,0.4444444444444445,0.4444444444444444,0.0,20,3,perfect abstraction,relation2,necessary-domain2,performance3,text,out2,-0.4452002135515213,-inf,0.48380445796251303,20
187,map_3x3_4581d67942,llama3.3:70b,7,0.5,0.5,0.0,20,3,perfect abstraction,relation2,necessary-domain2,performance3,json,out2,-0.44674583843350407,-inf,0.48353282745679216,20
188,map_3x3_4581d67942,llama3.3:70b,8,0.4444444444444445,0.4444444444444444,0.0,20,3,perfect abstraction,role3,necessary-domain1,domain3,text,out2,-0.44568335532148673,-inf,0.4875408166150252,20
189,map_3x3_4581d67942,llama3.3:70b,9,0.5057142857142857,0.5714285714285714,0.036021237320933895,20,3,perfect abstraction,role3,necessary-domain1,domain3,json,out2,0.042943148265282303,-inf,-0.004739615360895788,20
190,map_3x3_4581d67942,llama3.3:70b,10,0.3929090957351827,0.5714285714285714,0.06836292990706228,60,3,perfect abstraction,gpt1,domain2,test1,text,out4,-0.44888957543174424,-inf,0.4822115808029969,20
191,map_3x3_4581d67942,llama3.3:70b,11,0.4855769230769231,0.6666666666666666,0.09073208474672678,60,3,perfect abstraction,gpt1,domain2,test1,json,out4,0.016088087807099034,0.540973553806406,0.025403468728065502,20
192,map_3x3_d5cc755ee1,deepseek-r1:14b,0,0.33234564812095196,1.0,0.16733664599749837,20,3,no abstraction,role1,necessary-domain2,domain2,text,out2,0.0772536294658979,inf,-0.0014188705285390264,20
193,map_3x3_d5cc755ee1,deepseek-r1:14b,1,0.2897566801015077,0.4,0.037911201303822174,20,3,no abstraction,role1,necessary-domain2,domain2,json,out2,0.07347252870599427,0.5379458924243703,0.009719967623551706,20
194,map_3x3_d5cc755ee1,deepseek-r1:14b,2,0.3728624007571376,1.0,0.15377209479173332,20,3,no abstraction,role1,necessary-domain1,test3,text,out1,0.08021082760890326,0.7788950529152919,0.0005017387171586451,20
195,map_3x3_d5cc755ee1,deepseek-r1:14b,3,0.3228521478521479,0.4,0.04636954181932257,20,3,no abstraction,role1,necessary-domain1,test3,json,out1,0.08037121320764223,inf,0.0018538161416848664,20
196,map_3x3_d5cc755ee1,deepseek-r1:14b,4,0.3388648585457096,0.5,0.06432894527567497,20,3,no abstraction,relation1,necessary-domain2,test3,text,out2,0.08737237506111464,-inf,-0.006239267597595857,20
197,map_3x3_d5cc755ee1,deepseek-r1:14b,5,0.4065101565101565,1.0,0.2074717533182228,20,3,no abstraction,relation1,necessary-domain2,test3,json,out2,0.0825720514257749,0.8712873719636034,0.002017819682757055,20
198,map_3x3_d5cc755ee1,deepseek-r1:14b,6,0.3168350452874481,0.4,0.0580698254954669,20,3,no abstraction,relation2,necessary-domain2,performance3,text,out2,0.053384348521629967,-inf,0.021688672920068118,20
199,map_3x3_d5cc755ee1,deepseek-r1:14b,7,0.3127852690568208,0.4,0.05326069351940617,20,3,no abstraction,relation2,necessary-domain2,performance3,json,out2,0.05692532765865327,-inf,0.020688795944054934,20
200,map_3x3_d5cc755ee1,deepseek-r1:14b,8,0.32802369918936636,0.4,0.05772298065974553,20,3,no abstraction,role3,necessary-domain1,domain3,text,out2,0.058998655349016195,0.35306081611023715,0.023231356928745915,20
201,map_3x3_d5cc755ee1,deepseek-r1:14b,9,0.313481045981046,0.5,0.05346923047388251,20,3,no abstraction,role3,necessary-domain1,domain3,json,out2,0.07326065940658254,inf,0.007539341708024325,20
202,map_3x3_d5cc755ee1,deepseek-r1:14b,10,0.3223420439209913,0.4,0.04250047242519434,60,3,no abstraction,gpt1,domain2,test1,text,out4,0.08267385598023733,-inf,-0.0038691064019997804,20
203,map_3x3_d5cc755ee1,deepseek-r1:14b,11,0.36534632034632036,0.5,0.045035853498263244,60,3,no abstraction,gpt1,domain2,test1,json,out4,-0.41287952412168183,-inf,0.4934591352244218,20
204,map_3x3_d5cc755ee1,deepseek-r1:32b,0,0.339995004995005,0.5,0.05642104273888537,20,3,no abstraction,role1,necessary-domain2,domain2,text,out2,0.07627282210191091,-inf,0.0012442965507507425,20
205,map_3x3_d5cc755ee1,deepseek-r1:32b,1,0.33606643356643356,1.0,0.1643888440041823,20,3,no abstraction,role1,necessary-domain2,domain2,json,out2,0.07968449324369431,-inf,0.003431752940018973,20
206,map_3x3_d5cc755ee1,deepseek-r1:32b,2,0.3595158445158445,0.5,0.05233798118135416,20,3,no abstraction,role1,necessary-domain1,test3,text,out1,0.07342185290654499,-inf,0.007661922723054898,20
207,map_3x3_d5cc755ee1,deepseek-r1:32b,3,0.36987012987012985,1.0,0.15360010649077363,20,3,no abstraction,role1,necessary-domain1,test3,json,out1,0.07946593119700754,0.954634550523671,0.0009755449891090257,20
208,map_3x3_d5cc755ee1,deepseek-r1:32b,4,0.3415556925911617,0.4,0.05324026819737322,20,3,no abstraction,relation1,necessary-domain2,test3,text,out2,0.07153500679135323,,0.010139536400636048,20
209,map_3x3_d5cc755ee1,deepseek-r1:32b,5,0.3218081918081918,0.5,0.05620925894563525,20,3,no abstraction,relation1,necessary-domain2,test3,json,out2,0.07601255356272062,inf,0.008462367177009591,20
210,map_3x3_d5cc755ee1,deepseek-r1:32b,6,0.3795340624287993,1.0,0.1568613322491764,20,3,no abstraction,relation2,necessary-domain2,performance3,text,out2,0.07749588180581729,-inf,-0.0002627017100652024,20
211,map_3x3_d5cc755ee1,deepseek-r1:32b,7,0.33976190476190476,0.5,0.08047589387615704,20,3,no abstraction,relation2,necessary-domain2,performance3,json,out2,0.07380973055958752,,0.007224475145339948,20
212,map_3x3_d5cc755ee1,deepseek-r1:32b,8,0.3240484871776141,0.5,0.07682377728652327,20,3,no abstraction,role3,necessary-domain1,domain3,text,out2,0.07260287054379784,-inf,0.004965520302454629,20
213,map_3x3_d5cc755ee1,deepseek-r1:32b,9,0.31741744207261446,0.5,0.059262127626512014,20,3,no abstraction,role3,necessary-domain1,domain3,json,out2,0.07434733191132545,inf,0.006395625819762554,20
214,map_3x3_d5cc755ee1,deepseek-r1:32b,10,0.34044955044955044,0.4,0.04824024909763832,60,3,no abstraction,gpt1,domain2,test1,text,out4,0.034826839346261254,-inf,0.015008031087262294,56
215,map_3x3_d5cc755ee1,deepseek-r1:32b,11,0.3788961038961039,1.0,0.1541706361014295,60,3,no abstraction,gpt1,domain2,test1,json,out4,0.07905853824814163,-inf,0.0009217215677102403,20
216,map_3x3_d5cc755ee1,deepseek-r1:70b,0,0.32192910537738123,0.4,0.041673190056949645,20,3,no abstraction,role1,necessary-domain2,domain2,text,out2,0.07083238833149273,0.6854147997463149,0.006136256227890666,20
217,map_3x3_d5cc755ee1,deepseek-r1:70b,1,0.3095238095238095,0.3333333333333333,0.024428056002027482,20,3,no abstraction,role1,necessary-domain2,domain2,json,out2,-0.4132807568013668,33.3851361771272,0.4921263011395931,20
218,map_3x3_d5cc755ee1,deepseek-r1:70b,2,0.4032367632367633,1.0,0.1518104934656459,20,3,no abstraction,role1,necessary-domain1,test3,text,out1,0.04892473047687895,,-0.0002642194536470297,56
219,map_3x3_d5cc755ee1,deepseek-r1:70b,3,0.35115079365079366,0.5,0.07208299256984955,20,3,no abstraction,role1,necessary-domain1,test3,json,out1,0.04870261102205231,-inf,0.000440520353260501,56
220,map_3x3_d5cc755ee1,deepseek-r1:70b,4,0.3390841743395923,0.4,0.05666248955414436,20,3,no abstraction,relation1,necessary-domain2,test3,text,out2,0.050069355847580106,,-0.0010558035153718265,56
221,map_3x3_d5cc755ee1,deepseek-r1:70b,5,0.388927413582586,1.0,0.1568695640827848,20,3,no abstraction,relation1,necessary-domain2,test3,json,out2,0.049440096666415544,-inf,-0.0002635301294780958,56
222,map_3x3_d5cc755ee1,deepseek-r1:70b,6,0.3687477257042474,1.0,0.15799114940069714,20,3,no abstraction,relation2,necessary-domain2,performance3,text,out2,0.07910950470964116,1.0903840107496152,-0.001178122490644462,20
223,map_3x3_d5cc755ee1,deepseek-r1:70b,7,0.32716356107660455,0.6666666666666666,0.09435019205376195,20,3,no abstraction,relation2,necessary-domain2,performance3,json,out2,0.08078591012954714,0.5751592455237771,0.0008767083187897929,20
224,map_3x3_d5cc755ee1,deepseek-r1:70b,8,0.32512384934223154,0.4444444444444444,0.06821818764205512,20,3,no abstraction,role3,necessary-domain1,domain3,text,out2,0.04658580154890107,,0.0042621103283904905,56
225,map_3x3_d5cc755ee1,deepseek-r1:70b,9,0.31635642135642134,0.5,0.062296181143771744,20,3,no abstraction,role3,necessary-domain1,domain3,json,out2,0.07358650647600493,0.7582963855726547,0.004974540233612071,20
226,map_3x3_d5cc755ee1,deepseek-r1:70b,10,0.35633429070929074,0.6666666666666666,0.08518814665153826,60,3,no abstraction,gpt1,domain2,test1,text,out4,0.04900769764823574,,-0.000275942473894076,56
227,map_3x3_d5cc755ee1,deepseek-r1:70b,11,0.35244624940277114,0.5714285714285714,0.08372078625307426,60,3,no abstraction,gpt1,domain2,test1,json,out4,0.049874269533015436,-inf,0.00042059761427698023,56
228,map_3x3_d5cc755ee1,deepseek-r1:7b,0,0.3530587547135523,0.5,0.08598541349288819,20,3,no abstraction,role1,necessary-domain2,domain2,text,out2,0.08388776946067814,0.7799054447906713,-0.002523844718933113,20
229,map_3x3_d5cc755ee1,deepseek-r1:7b,1,0.3380560248574954,0.5714285714285714,0.0646210689972893,20,3,no abstraction,role1,necessary-domain2,domain2,json,out2,0.08326253418127696,,0.0019570819338162876,20
230,map_3x3_d5cc755ee1,deepseek-r1:7b,2,0.35390799354098584,0.6666666666666666,0.08314447940340966,20,3,no abstraction,role1,necessary-domain1,test3,text,out1,-0.4121853014926115,223.83884481205914,0.4935386010309061,20
231,map_3x3_d5cc755ee1,deepseek-r1:7b,3,0.3446703296703296,0.5714285714285714,0.07928857835260121,20,3,no abstraction,role1,necessary-domain1,test3,json,out1,0.08275444589058559,-inf,-0.0013103259702523656,20
232,map_3x3_d5cc755ee1,deepseek-r1:7b,4,0.4156763517788926,1.0,0.25504473488885687,20,3,no abstraction,relation1,necessary-domain2,test3,text,out2,0.08317551440000534,0.8779706697612684,-0.0021377155681451044,20
233,map_3x3_d5cc755ee1,deepseek-r1:7b,5,0.31017502612330194,0.4,0.048217729707330986,20,3,no abstraction,relation1,necessary-domain2,test3,json,out2,-0.4165839136143525,-inf,0.49100088173151013,20
234,map_3x3_d5cc755ee1,deepseek-r1:7b,6,0.34852638070723174,0.6666666666666666,0.09075476044123755,20,3,no abstraction,relation2,necessary-domain2,performance3,text,out2,0.08277266170581184,,0.0005725604097048364,20
235,map_3x3_d5cc755ee1,deepseek-r1:7b,7,0.32174429019256606,0.5,0.06247005186727206,20,3,no abstraction,relation2,necessary-domain2,performance3,json,out2,0.08429690128564835,1.138475889402698,-0.003142661283413578,20
236,map_3x3_d5cc755ee1,deepseek-r1:7b,8,0.355053963558344,0.5,0.056766150681693446,20,3,no abstraction,role3,necessary-domain1,domain3,text,out2,0.07465661051869395,-inf,0.0003317654232184053,20
237,map_3x3_d5cc755ee1,deepseek-r1:7b,9,0.3273312786028303,0.4444444444444444,0.059133194083716895,20,3,no abstraction,role3,necessary-domain1,domain3,json,out2,0.05435306828220687,0.6026644668116055,0.02423323348164557,20
238,map_3x3_d5cc755ee1,deepseek-r1:7b,10,0.3850969320534538,1.0,0.1682256133102965,60,3,no abstraction,gpt1,domain2,test1,text,out4,0.07623662877082826,0.9577259727235831,0.0021316267649332506,20
239,map_3x3_d5cc755ee1,deepseek-r1:7b,11,0.33459057826704885,0.5,0.057371771881363894,60,3,no abstraction,gpt1,domain2,test1,json,out4,0.08059065801898639,,0.0032117893298466956,20
240,map_3x3_d5cc755ee1,deepseek-r1:8b,0,0.35057821770296416,0.5,0.06556257514139507,20,3,no abstraction,role1,necessary-domain2,domain2,text,out2,0.08667519714434943,-inf,-0.001697356800238295,20
241,map_3x3_d5cc755ee1,deepseek-r1:8b,1,0.3335691501480975,0.5,0.07261299154225115,20,3,no abstraction,role1,necessary-domain2,domain2,json,out2,0.055205714454253506,-inf,0.021714545845985415,20
242,map_3x3_d5cc755ee1,deepseek-r1:8b,2,0.36060914873827565,1.0,0.1828145287561509,20,3,no abstraction,role1,necessary-domain1,test3,text,out1,0.08242261923352877,-inf,-0.003694610118865968,20
243,map_3x3_d5cc755ee1,deepseek-r1:8b,3,0.3004828544723922,0.5,0.06104088944449744,20,3,no abstraction,role1,necessary-domain1,test3,json,out1,0.0718209575911363,inf,0.008552963574727398,20
244,map_3x3_d5cc755ee1,deepseek-r1:8b,4,0.31015080077992774,0.4,0.054615535438770166,20,3,no abstraction,relation1,necessary-domain2,test3,text,out2,-0.41237788275877635,-inf,0.49132495521505676,20
245,map_3x3_d5cc755ee1,deepseek-r1:8b,5,0.32156871414430205,0.5,0.07316856961328043,20,3,no abstraction,relation1,necessary-domain2,test3,json,out2,0.0734595242838065,-inf,0.006071495970090227,20
246,map_3x3_d5cc755ee1,deepseek-r1:8b,6,0.3684536028688952,1.0,0.2221619998845953,20,3,no abstraction,relation2,necessary-domain2,performance3,text,out2,0.08273921110232672,-inf,-0.0019435316125551994,20
247,map_3x3_d5cc755ee1,deepseek-r1:8b,7,0.3091170857217117,0.4,0.052974419353896886,20,3,no abstraction,relation2,necessary-domain2,performance3,json,out2,0.07495934790372852,inf,-0.00026138932506244994,20
248,map_3x3_d5cc755ee1,deepseek-r1:8b,8,0.34494929853369055,1.0,0.1696837987506651,20,3,no abstraction,role3,necessary-domain1,domain3,text,out2,0.08000965650876365,,-0.0003664136032263621,20
249,map_3x3_d5cc755ee1,deepseek-r1:8b,9,0.3204105747855748,0.5,0.058046509554270286,20,3,no abstraction,role3,necessary-domain1,domain3,json,out2,0.08140537957350416,0.8755784498230583,-0.0004085993965466772,20
250,map_3x3_d5cc755ee1,deepseek-r1:8b,10,0.3144205620438815,0.5,0.06454641298531463,60,3,no abstraction,gpt1,domain2,test1,text,out4,0.06099991192420325,-inf,0.021735137114922205,20
251,map_3x3_d5cc755ee1,deepseek-r1:8b,11,0.33784399286347616,0.5,0.05865825957368032,60,3,no abstraction,gpt1,domain2,test1,json,out4,-0.41237604937950767,-inf,0.494123731970787,20
252,map_3x3_d5cc755ee1,llama3.1:70b,0,0.2923908152855521,0.4,0.027557212442240228,20,3,no abstraction,role1,necessary-domain2,domain2,text,out2,-0.4130996034940083,-inf,0.4924372024635474,20
253,map_3x3_d5cc755ee1,llama3.1:70b,1,0.27233234264232065,0.3076923076923077,0.015842206318582953,20,3,no abstraction,role1,necessary-domain2,domain2,json,out2,-0.4159688127736251,-inf,0.4924251376489798,20
254,map_3x3_d5cc755ee1,llama3.1:70b,2,0.3395789395789396,0.4444444444444444,0.05129792007797554,20,3,no abstraction,role1,necessary-domain1,test3,text,out1,0.06804894615213078,-inf,0.012184567441542945,20
255,map_3x3_d5cc755ee1,llama3.1:70b,3,0.3243962835410204,0.375,0.02543653937192076,20,3,no abstraction,role1,necessary-domain1,test3,json,out1,-0.41402533340454095,-inf,0.49276944439609843,20
256,map_3x3_d5cc755ee1,llama3.1:70b,4,0.34971758089405147,0.6666666666666666,0.0941578763748551,20,3,no abstraction,relation1,necessary-domain2,test3,text,out2,-0.41068191801508264,62.86715956012123,0.4955927956799666,20
257,map_3x3_d5cc755ee1,llama3.1:70b,5,0.353487039276513,0.5,0.07112167568455471,20,3,no abstraction,relation1,necessary-domain2,test3,json,out2,-0.4128029185533523,-inf,0.49216332676013314,20
258,map_3x3_d5cc755ee1,llama3.1:70b,6,0.3077200577200577,0.4,0.034543437258138104,20,3,no abstraction,relation2,necessary-domain2,performance3,text,out2,-0.41152662766973175,-inf,0.4937786967257659,20
259,map_3x3_d5cc755ee1,llama3.1:70b,7,0.29132042061675933,0.3076923076923077,0.02402438804094158,20,3,no abstraction,relation2,necessary-domain2,performance3,json,out2,-0.4133767904738585,-107.88602644648029,0.49205762256185215,20
260,map_3x3_d5cc755ee1,llama3.1:70b,8,0.3341257653022359,0.4444444444444444,0.04866317516176192,20,3,no abstraction,role3,necessary-domain1,domain3,text,out2,0.07327925728758175,-inf,0.0076541729768117295,20
261,map_3x3_d5cc755ee1,llama3.1:70b,9,0.2858011592494351,0.3076923076923077,0.013607806753593769,20,3,no abstraction,role3,necessary-domain1,domain3,json,out2,-0.4148395359516144,204.0439213288592,0.4925566886365414,20
262,map_3x3_d5cc755ee1,llama3.1:70b,10,0.29597282347282344,0.36363636363636365,0.027755444548999187,60,3,no abstraction,gpt1,domain2,test1,text,out4,0.06434441363811493,-inf,0.019505751669406917,20
263,map_3x3_d5cc755ee1,llama3.1:70b,11,0.3367382617382617,0.5,0.049855553135544496,60,3,no abstraction,gpt1,domain2,test1,json,out4,0.08308421877026557,inf,-0.007286191811164211,20
264,map_3x3_d5cc755ee1,llama3.1:8b,0,0.286093887717225,0.4,0.047043393385055476,20,3,no abstraction,role1,necessary-domain2,domain2,text,out2,-0.4099843153258164,-inf,0.48964564143617945,20
265,map_3x3_d5cc755ee1,llama3.1:8b,1,0.2991025641025641,0.3333333333333333,0.0207712775710066,20,3,no abstraction,role1,necessary-domain2,domain2,json,out2,0.06495947069923083,-inf,0.01178454803427061,20
266,map_3x3_d5cc755ee1,llama3.1:8b,2,0.3694952123899492,1.0,0.1613606001452389,20,3,no abstraction,role1,necessary-domain1,test3,text,out1,0.08122586571176849,inf,-0.002061703960100819,20
267,map_3x3_d5cc755ee1,llama3.1:8b,3,0.3554497801049525,1.0,0.16182075271190272,20,3,no abstraction,role1,necessary-domain1,test3,json,out1,0.08330277549227079,-inf,-0.0018194091816743168,20
268,map_3x3_d5cc755ee1,llama3.1:8b,4,0.3185171925884,0.4,0.03318927991580437,20,3,no abstraction,relation1,necessary-domain2,test3,text,out2,0.07177956860264142,-inf,0.0064424380362033875,20
269,map_3x3_d5cc755ee1,llama3.1:8b,5,0.31081046776105564,0.36363636363636365,0.028522367725251418,20,3,no abstraction,relation1,necessary-domain2,test3,json,out2,-0.4121041264037292,-inf,0.49344013433655104,20
270,map_3x3_d5cc755ee1,llama3.1:8b,6,0.302637954867057,0.3529411764705882,0.025098326953494107,20,3,no abstraction,relation2,necessary-domain2,performance3,text,out2,-0.261223902563254,-inf,0.3405591715474924,20
271,map_3x3_d5cc755ee1,llama3.1:8b,7,0.31316867343183136,0.36363636363636365,0.02906204700988714,20,3,no abstraction,relation2,necessary-domain2,performance3,json,out2,-0.411173769891262,-inf,0.4923292441368103,20
272,map_3x3_d5cc755ee1,llama3.1:8b,8,0.3250540054487423,0.6666666666666666,0.08508419626828621,20,3,no abstraction,role3,necessary-domain1,domain3,text,out2,-0.41073889937996866,36.546698625400765,0.4926293072203795,20
273,map_3x3_d5cc755ee1,llama3.1:8b,9,0.327002997002997,0.6666666666666666,0.08962859756224965,20,3,no abstraction,role3,necessary-domain1,domain3,json,out2,0.0802397133211295,inf,-0.0014452482660611582,20
274,map_3x3_d5cc755ee1,llama3.1:8b,10,0.300744373856502,0.4,0.03419026611930642,60,3,no abstraction,gpt1,domain2,test1,text,out4,-0.4117213195661703,-inf,0.491952237089475,20
275,map_3x3_d5cc755ee1,llama3.1:8b,11,0.33305899773984876,0.5,0.0540667068668942,60,3,no abstraction,gpt1,domain2,test1,json,out4,-0.4150675691167513,-inf,0.4941854721903801,20
276,map_3x3_d5cc755ee1,llama3.3:70b,0,0.2857142857142857,0.2857142857142857,0.0,20,3,no abstraction,role1,necessary-domain2,domain2,text,out2,-0.4103025739789009,150.7067919076374,0.49306953066587444,20
277,map_3x3_d5cc755ee1,llama3.3:70b,1,0.2857142857142857,0.2857142857142857,0.0,20,3,no abstraction,role1,necessary-domain2,domain2,json,out2,-0.41401609962185226,-inf,0.49088812722762426,20
278,map_3x3_d5cc755ee1,llama3.3:70b,2,0.289010989010989,0.3076923076923077,0.008051594473242283,20,3,no abstraction,role1,necessary-domain1,test3,text,out1,-0.4144949499666691,-inf,0.4937867029706637,20
279,map_3x3_d5cc755ee1,llama3.3:70b,3,0.43293222372169743,0.5,0.09384463551900356,20,3,no abstraction,role1,necessary-domain1,test3,json,out1,-0.4122025290926297,419.6223008058011,0.49442693290114403,20
280,map_3x3_d5cc755ee1,llama3.3:70b,4,0.3054945054945055,0.3076923076923077,0.0067646924313307,20,3,no abstraction,relation1,necessary-domain2,test3,text,out2,-0.411564796368281,-inf,0.49181129210193947,20
281,map_3x3_d5cc755ee1,llama3.3:70b,5,0.3032234432234432,0.4,0.03684218496157327,20,3,no abstraction,relation1,necessary-domain2,test3,json,out2,-0.4098046190738677,-inf,0.49407494618495307,20
282,map_3x3_d5cc755ee1,llama3.3:70b,6,0.2868131868131868,0.3076923076923077,0.0049144351153841605,20,3,no abstraction,relation2,necessary-domain2,performance3,text,out2,-0.4088697329858939,28.273509249708816,0.49303002128005025,20
283,map_3x3_d5cc755ee1,llama3.3:70b,7,0.28805860805860806,0.3076923076923077,0.009464602186709595,20,3,no abstraction,relation2,necessary-domain2,performance3,json,out2,-0.41386788795391716,-inf,0.4908647578259309,20
284,map_3x3_d5cc755ee1,llama3.3:70b,8,0.29473304473304474,0.4444444444444444,0.037115326465751705,20,3,no abstraction,role3,necessary-domain1,domain3,text,out2,-0.41500186242659887,-inf,0.49211108680566157,20
285,map_3x3_d5cc755ee1,llama3.3:70b,9,0.2857142857142857,0.2857142857142857,0.0,20,3,no abstraction,role3,necessary-domain1,domain3,json,out2,-0.41374326844016707,-inf,0.4919948881467183,20
286,map_3x3_d5cc755ee1,llama3.3:70b,10,0.29190559440559444,0.3333333333333333,0.022714508435525565,60,3,no abstraction,gpt1,domain2,test1,text,out4,-0.4113648852308591,-inf,0.4908120743234952,20
287,map_3x3_d5cc755ee1,llama3.3:70b,11,0.34422270711744396,0.6666666666666666,0.09085288347599581,60,3,no abstraction,gpt1,domain2,test1,json,out4,-0.414786525328954,-inf,0.49138724045952165,20
288,map_5x5_145ae7f434,deepseek-r1:14b,0,0.16266065990102238,0.23529411764705882,0.027981148874608713,20,5,partial abstraction,role1,necessary-domain2,domain2,text,out2,-0.0648877831406536,-3.0969603751551484,0.08774082880289778,56
289,map_5x5_145ae7f434,deepseek-r1:14b,1,0.16158999199253427,0.21052631578947367,0.02245480646531451,20,5,partial abstraction,role1,necessary-domain2,domain2,json,out2,-0.06714966246237353,-4.867563806772301,0.08710279289100846,56
290,map_5x5_145ae7f434,deepseek-r1:14b,2,0.2048120839927837,0.4,0.053833033612336385,20,5,partial abstraction,role1,necessary-domain1,test3,text,out1,0.014702003981385912,0.3220558425817301,0.006820164150780157,56
291,map_5x5_145ae7f434,deepseek-r1:14b,3,0.22283769493256736,0.4,0.06189820499934703,20,5,partial abstraction,role1,necessary-domain1,test3,json,out1,0.012296434562830702,0.6018554311928664,0.008502841355899968,56
292,map_5x5_145ae7f434,deepseek-r1:14b,4,0.20525552719708168,0.4,0.07745759336738842,20,5,partial abstraction,relation1,necessary-domain2,test3,text,out2,-0.06414547143237927,-3.5016281452395206,0.08773861784665353,56
293,map_5x5_145ae7f434,deepseek-r1:14b,5,0.2274675263370714,0.5,0.08975448163951004,20,5,partial abstraction,relation1,necessary-domain2,test3,json,out2,-0.06580966229417491,-1.530407338674969,0.08775009725065454,56
294,map_5x5_145ae7f434,deepseek-r1:14b,6,0.16909113044370294,0.2857142857142857,0.035528474372350086,20,5,partial abstraction,relation2,necessary-domain2,performance3,text,out2,-0.0642286130874639,-1.8411849738578105,0.0884068743991,56
295,map_5x5_145ae7f434,deepseek-r1:14b,7,0.1513083222578151,0.1702127659574468,0.010029719281196284,20,5,partial abstraction,relation2,necessary-domain2,performance3,json,out2,-0.06618736872360817,-1.9029679365191206,0.08702787163711724,56
296,map_5x5_145ae7f434,deepseek-r1:14b,8,0.1982682031403135,0.4444444444444444,0.07831384402039436,20,5,partial abstraction,role3,necessary-domain1,domain3,text,out2,-0.06622607495280954,-2.908893635795748,0.08509286846255969,56
297,map_5x5_145ae7f434,deepseek-r1:14b,9,0.20267798490889538,0.5,0.10990822648550201,20,5,partial abstraction,role3,necessary-domain1,domain3,json,out2,-0.066803456342646,-1.5255314129218218,0.0870678020073544,56
298,map_5x5_145ae7f434,deepseek-r1:14b,10,0.21685672257567654,0.4444444444444444,0.07682343493627194,60,5,partial abstraction,gpt1,domain2,test1,text,out4,0.024434101157599978,1.5068719106131188,-0.0005608350074007277,56
299,map_5x5_145ae7f434,deepseek-r1:14b,11,0.23199334094005772,0.36363636363636365,0.05679686304926134,60,5,partial abstraction,gpt1,domain2,test1,json,out4,0.02948500745885429,0.8606412560748107,-0.00907483415234655,56
300,map_5x5_145ae7f434,deepseek-r1:32b,0,0.19987318193922604,0.4,0.07116759354728819,20,5,partial abstraction,role1,necessary-domain2,domain2,text,out2,0.015901002655071866,0.9749801692408788,0.008440940685215458,56
301,map_5x5_145ae7f434,deepseek-r1:32b,1,0.20101673031020476,0.5,0.07968686374161682,20,5,partial abstraction,role1,necessary-domain2,domain2,json,out2,-0.011437146049879849,-0.9937683476385916,0.03429874557469572,56
302,map_5x5_145ae7f434,deepseek-r1:32b,2,0.2456455278158402,0.4,0.08895798515980285,20,5,partial abstraction,role1,necessary-domain1,test3,text,out1,0.014903696954605125,-2.01570444042993,0.005258141383528712,56
303,map_5x5_145ae7f434,deepseek-r1:32b,3,0.18777355597349804,0.25,0.029005457064168433,20,5,partial abstraction,role1,necessary-domain1,test3,json,out1,-0.012042527919014296,-0.8878846215267534,0.03412959711360081,56
304,map_5x5_145ae7f434,deepseek-r1:32b,4,0.22857974951767307,0.4,0.07161633570376366,20,5,partial abstraction,relation1,necessary-domain2,test3,text,out2,0.015464150815137787,1.085438975951742,0.008269573723276465,56
305,map_5x5_145ae7f434,deepseek-r1:32b,5,0.23965101755227156,0.5,0.1024605569154983,20,5,partial abstraction,relation1,necessary-domain2,test3,json,out2,-0.06578328249709943,-3.554494160660494,0.08794077421050693,56
306,map_5x5_145ae7f434,deepseek-r1:32b,6,0.23637993311368977,0.5,0.10732723918051472,20,5,partial abstraction,relation2,necessary-domain2,performance3,text,out2,0.008358127363026146,0.6547024405903915,0.015036483142702351,56
307,map_5x5_145ae7f434,deepseek-r1:32b,7,0.1651423488359259,0.2222222222222222,0.019338890152868733,20,5,partial abstraction,relation2,necessary-domain2,performance3,json,out2,-0.0659688659491283,3.394351277462667,0.08829107580262986,56
308,map_5x5_145ae7f434,deepseek-r1:32b,8,0.20104190790802004,0.36363636363636365,0.05914033586274768,20,5,partial abstraction,role3,necessary-domain1,domain3,text,out2,-0.06390612945137988,-2.8979876865214327,0.08688117757794402,56
309,map_5x5_145ae7f434,deepseek-r1:32b,9,0.1993694863031113,0.4444444444444444,0.0722228491176685,20,5,partial abstraction,role3,necessary-domain1,domain3,json,out2,-0.06652519944523058,-22.6202253240317,0.08768873082207776,56
310,map_5x5_145ae7f434,deepseek-r1:32b,10,0.2058752352366721,0.3333333333333333,0.04746346284475738,60,5,partial abstraction,gpt1,domain2,test1,text,out4,0.005616718266336698,1.0375466328650442,0.015361715452302064,56
311,map_5x5_145ae7f434,deepseek-r1:32b,11,0.2547563228937715,0.4444444444444444,0.08533235445176937,60,5,partial abstraction,gpt1,domain2,test1,json,out4,-0.06573130203499679,-7.115368889249929,0.08750864884328272,56
312,map_5x5_145ae7f434,deepseek-r1:70b,0,0.19164062986320193,0.3333333333333333,0.051574819727514744,20,5,partial abstraction,role1,necessary-domain2,domain2,text,out2,-0.06565812944478927,-5.122979718554801,0.08852877416071434,56
313,map_5x5_145ae7f434,deepseek-r1:70b,1,0.19866260751552006,0.3333333333333333,0.0443640577552557,20,5,partial abstraction,role1,necessary-domain2,domain2,json,out2,-0.05093301160349733,-2.1986669868345516,0.07228075575615679,56
314,map_5x5_145ae7f434,deepseek-r1:70b,2,0.1795371106683979,0.26666666666666666,0.0343350436018569,20,5,partial abstraction,role1,necessary-domain1,test3,text,out1,-0.06493985866152101,1.4595858127256531,0.08873973094636481,56
315,map_5x5_145ae7f434,deepseek-r1:70b,3,0.24115572326843665,0.5,0.10204211839832296,20,5,partial abstraction,role1,necessary-domain1,test3,json,out1,-0.06535757068367228,-2.62510077771201,0.08780922036263202,56
316,map_5x5_145ae7f434,deepseek-r1:70b,4,0.19012078976609836,0.26666666666666666,0.03924062870325207,20,5,partial abstraction,relation1,necessary-domain2,test3,text,out2,0.022935498174102543,3.3636131177608943,-0.0015577038750052507,56
317,map_5x5_145ae7f434,deepseek-r1:70b,5,0.252119315676322,0.5,0.09892036385012647,20,5,partial abstraction,relation1,necessary-domain2,test3,json,out2,-0.06456229681947398,-15.821629021394697,0.08719692501993404,56
318,map_5x5_145ae7f434,deepseek-r1:70b,6,0.1746890698139123,0.25,0.029921072111258468,20,5,partial abstraction,relation2,necessary-domain2,performance3,text,out2,0.03205856611331304,1.2305682540037035,-0.010340889209792726,56
319,map_5x5_145ae7f434,deepseek-r1:70b,7,0.17341933314732288,0.25,0.026362064547956626,20,5,partial abstraction,relation2,necessary-domain2,performance3,json,out2,-0.04142628196981692,-1.8414566604084623,0.06539942730750357,56
320,map_5x5_145ae7f434,deepseek-r1:70b,8,0.2613135496378215,0.5,0.12410796591549891,20,5,partial abstraction,role3,necessary-domain1,domain3,text,out2,-0.06617594983428714,-1.3221508149079126,0.08731058638010704,56
321,map_5x5_145ae7f434,deepseek-r1:70b,9,0.27117392448330085,0.5,0.11011303771016277,20,5,partial abstraction,role3,necessary-domain1,domain3,json,out2,-0.06462781008155569,-2.7250978777778383,0.08870945144444699,56
322,map_5x5_145ae7f434,deepseek-r1:70b,10,0.2422328372110981,0.4,0.08267780124470452,60,5,partial abstraction,gpt1,domain2,test1,text,out4,-0.06533002722476204,-2.898623505057398,0.08693358479511164,56
323,map_5x5_145ae7f434,deepseek-r1:70b,11,0.24526857468737337,0.4,0.07099202744684682,60,5,partial abstraction,gpt1,domain2,test1,json,out4,0.03137172527256466,13.85464352447448,-0.009037459356089435,56
324,map_5x5_145ae7f434,deepseek-r1:7b,0,0.21076462162331114,0.4,0.07339353951291551,20,5,partial abstraction,role1,necessary-domain2,domain2,text,out2,0.011903670356860243,1.102654222392894,0.0050388391954558215,42
325,map_5x5_145ae7f434,deepseek-r1:7b,1,0.22953249598154288,0.3333333333333333,0.06499498406420565,20,5,partial abstraction,role1,necessary-domain2,domain2,json,out2,0.0008838882451019612,-0.8397368275843539,0.01689499866867821,42
326,map_5x5_145ae7f434,deepseek-r1:7b,2,0.24664377755154057,0.4,0.05822707925221753,20,5,partial abstraction,role1,necessary-domain1,test3,text,out1,0.014288873861706438,0.34010877183907073,0.0036555374898607734,42
327,map_5x5_145ae7f434,deepseek-r1:7b,3,0.25689852278925007,0.4444444444444444,0.0837177159286508,20,5,partial abstraction,role1,necessary-domain1,test3,json,out1,-0.05081801240169809,-1.5525800848662665,0.06881877444093185,42
328,map_5x5_145ae7f434,deepseek-r1:7b,4,0.22655450370300376,0.3333333333333333,0.05012021510178998,20,5,partial abstraction,relation1,necessary-domain2,test3,text,out2,-0.05046534556718095,-0.5385174437992796,0.06804592925404741,42
329,map_5x5_145ae7f434,deepseek-r1:7b,5,0.24935800248375362,0.4,0.08273048278794336,20,5,partial abstraction,relation1,necessary-domain2,test3,json,out2,-0.036281605090886834,0.006432577417474262,0.053424219796581886,42
330,map_5x5_145ae7f434,deepseek-r1:7b,6,0.2076056559431286,0.4,0.06345917643601584,20,5,partial abstraction,relation2,necessary-domain2,performance3,text,out2,0.01270865772451674,0.9337102415304541,0.0043479045468663305,42
331,map_5x5_145ae7f434,deepseek-r1:7b,7,0.2469505345464425,0.4,0.08787595936828843,20,5,partial abstraction,relation2,necessary-domain2,performance3,json,out2,-0.04977117118854367,-3.4113541432462906,0.06914051855603849,42
332,map_5x5_145ae7f434,deepseek-r1:7b,8,0.28292174124727326,0.4444444444444444,0.09363440736331825,20,5,partial abstraction,role3,necessary-domain1,domain3,text,out2,0.006357639474528178,-0.053818465358672025,0.011416457513022046,42
333,map_5x5_145ae7f434,deepseek-r1:7b,9,0.21845699543773592,0.3333333333333333,0.05614376016373725,20,5,partial abstraction,role3,necessary-domain1,domain3,json,out2,-0.051657486160596164,-36.84811886514862,0.06826038230979249,42
334,map_5x5_145ae7f434,deepseek-r1:7b,10,0.2572383433708391,0.4,0.08197523730200926,60,5,partial abstraction,gpt1,domain2,test1,text,out4,-0.020443131379664886,-0.2172305609159708,0.03859586932592921,42
335,map_5x5_145ae7f434,deepseek-r1:7b,11,0.24089984837940756,0.4444444444444444,0.08267563524383957,60,5,partial abstraction,gpt1,domain2,test1,json,out4,-0.00042327441156857546,0.0013756874503783071,0.016363697969724273,42
336,map_5x5_145ae7f434,deepseek-r1:8b,0,0.21593252850630656,0.4444444444444444,0.0751960452190875,20,5,partial abstraction,role1,necessary-domain2,domain2,text,out2,-0.04969115092404303,-5.546671369873694,0.065962250488145,42
337,map_5x5_145ae7f434,deepseek-r1:8b,1,0.2305698701678692,0.4,0.05784990514230673,20,5,partial abstraction,role1,necessary-domain2,domain2,json,out2,0.01286115512015329,0.5153266799465568,0.00646203774544926,42
338,map_5x5_145ae7f434,deepseek-r1:8b,2,0.19697244949599801,0.4,0.06531876089596109,20,5,partial abstraction,role1,necessary-domain1,test3,text,out1,0.015193005388691318,1.504579866295744,0.004811838633484306,42
339,map_5x5_145ae7f434,deepseek-r1:8b,3,0.20791053666849266,0.4,0.05545365035972364,20,5,partial abstraction,role1,necessary-domain1,test3,json,out1,0.013429578904594695,1.4460746642395719,0.0036242762018763876,42
340,map_5x5_145ae7f434,deepseek-r1:8b,4,0.19169101867529223,0.4,0.0762170410790199,20,5,partial abstraction,relation1,necessary-domain2,test3,text,out2,0.016568111290061277,1.8329759650959194,0.0018330732744837584,42
341,map_5x5_145ae7f434,deepseek-r1:8b,5,0.1818244928890378,0.2857142857142857,0.04161243157968602,20,5,partial abstraction,relation1,necessary-domain2,test3,json,out2,-0.016502170593492557,0.0656131157367797,0.034228847381614504,42
342,map_5x5_145ae7f434,deepseek-r1:8b,6,0.17391446077968986,0.4,0.06242864412376103,20,5,partial abstraction,relation2,necessary-domain2,performance3,text,out2,0.012815675974365268,1.011631057857796,0.0023870266004214196,42
343,map_5x5_145ae7f434,deepseek-r1:8b,7,0.17872054188052217,0.24000000000000005,0.037931938500684506,20,5,partial abstraction,relation2,necessary-domain2,performance3,json,out2,0.005035453039029273,-19.140566415638904,0.013216071135941006,42
344,map_5x5_145ae7f434,deepseek-r1:8b,8,0.20987428923676613,0.4,0.08733619789591615,20,5,partial abstraction,role3,necessary-domain1,domain3,text,out2,0.010088952666237248,0.3598591936015507,0.00782884792676047,42
345,map_5x5_145ae7f434,deepseek-r1:8b,9,0.1862630723527889,0.4,0.07108818056571155,20,5,partial abstraction,role3,necessary-domain1,domain3,json,out2,0.014330139928866944,1.0154776586769476,0.0030504994803950943,42
346,map_5x5_145ae7f434,deepseek-r1:8b,10,0.22269265190510312,0.4,0.07312614315938945,60,5,partial abstraction,gpt1,domain2,test1,text,out4,0.012342582635936275,0.4518073872244058,0.0055832453474165935,42
347,map_5x5_145ae7f434,deepseek-r1:8b,11,0.20130613655618299,0.2857142857142857,0.04772802275445961,60,5,partial abstraction,gpt1,domain2,test1,json,out4,-0.05124968722226124,-19.884930539248348,0.06790233898493973,42
348,map_5x5_145ae7f434,llama3.1:70b,0,0.19437436820030843,0.4,0.050662091249807126,20,5,partial abstraction,role1,necessary-domain2,domain2,text,out2,-0.06607315141707655,-0.2312223830099975,0.08736291257221071,56
349,map_5x5_145ae7f434,llama3.1:70b,1,0.17382715422837397,0.2857142857142857,0.0348914087700056,20,5,partial abstraction,role1,necessary-domain2,domain2,json,out2,-0.01872380159263101,1.4585039721488537,0.040188989045009726,56
350,map_5x5_145ae7f434,llama3.1:70b,2,0.22042257699487813,0.3333333333333333,0.0390171617281295,20,5,partial abstraction,role1,necessary-domain1,test3,text,out1,-0.029125393219292178,-9.319318129795104,0.04949526575704416,56
351,map_5x5_145ae7f434,llama3.1:70b,3,0.20828623412474342,0.2608695652173913,0.02802393174353088,20,5,partial abstraction,role1,necessary-domain1,test3,json,out1,-0.06674054344849922,-2.3387286163509917,0.08811549419625879,56
352,map_5x5_145ae7f434,llama3.1:70b,4,0.24287044509012473,0.4444444444444444,0.09758161758774922,20,5,partial abstraction,relation1,necessary-domain2,test3,text,out2,-0.06672856947495819,1.6905923883302723,0.08849336378808528,56
353,map_5x5_145ae7f434,llama3.1:70b,5,0.185525452887286,0.25,0.02443940385526751,20,5,partial abstraction,relation1,necessary-domain2,test3,json,out2,-0.06548248535820413,16.136977429079145,0.088966038778779,56
354,map_5x5_145ae7f434,llama3.1:70b,6,0.20219368418948253,0.4,0.056136987332409065,20,5,partial abstraction,relation2,necessary-domain2,performance3,text,out2,-0.015796851515769955,-1.2909226743874311,0.03644211033093077,56
355,map_5x5_145ae7f434,llama3.1:70b,7,0.16689432041507676,0.18181818181818182,0.010571458548296673,20,5,partial abstraction,relation2,necessary-domain2,performance3,json,out2,-0.06531597368773956,-4.2023764373357,0.08834172527350126,56
356,map_5x5_145ae7f434,llama3.1:70b,8,0.17892924732143106,0.25,0.02023541384133646,20,5,partial abstraction,role3,necessary-domain1,domain3,text,out2,-0.06425778703143195,-0.3972543259565022,0.08792262218537782,56
357,map_5x5_145ae7f434,llama3.1:70b,9,0.16532673258237168,0.2222222222222222,0.02009100807265838,20,5,partial abstraction,role3,necessary-domain1,domain3,json,out2,-0.06498809333890672,4.0264070092496524,0.0873469280682149,56
358,map_5x5_145ae7f434,llama3.1:70b,10,0.17813357345084274,0.2857142857142857,0.039037266312407476,60,5,partial abstraction,gpt1,domain2,test1,text,out4,-0.06429533721967819,-1.9223984568277124,0.08759455462828983,56
359,map_5x5_145ae7f434,llama3.1:70b,11,0.1843060429013894,0.2857142857142857,0.034734586631054186,60,5,partial abstraction,gpt1,domain2,test1,json,out4,0.0009933322472941313,-0.1862420745547679,0.02223550782317208,56
360,map_5x5_145ae7f434,llama3.1:8b,0,0.19401154401154402,0.2222222222222222,0.010939946630679386,20,5,partial abstraction,role1,necessary-domain2,domain2,text,out2,-0.05208875785271322,-3.9662320872097956,0.06893321080813328,42
361,map_5x5_145ae7f434,llama3.1:8b,1,0.18492406782792392,0.3333333333333333,0.038578252567208475,20,5,partial abstraction,role1,necessary-domain2,domain2,json,out2,-0.003136428171207043,-1.3186403017007315,0.020964221131233935,42
362,map_5x5_145ae7f434,llama3.1:8b,2,0.21370256532324103,0.4,0.05996706332885639,20,5,partial abstraction,role1,necessary-domain1,test3,text,out1,-0.05087467778769745,-4.903022727770659,0.06769087523221964,42
363,map_5x5_145ae7f434,llama3.1:8b,3,0.23605258221644343,0.5714285714285714,0.10048982815460121,20,5,partial abstraction,role1,necessary-domain1,test3,json,out1,0.02606888463951292,1.4257750295178528,-0.012315250002202526,35
364,map_5x5_145ae7f434,llama3.1:8b,4,0.20354967403846164,0.2857142857142857,0.03561849549699973,20,5,partial abstraction,relation1,necessary-domain2,test3,text,out2,-0.051637061207540406,-6.965660668707583,0.06924219019829277,42
365,map_5x5_145ae7f434,llama3.1:8b,5,0.2334398432110174,0.5,0.10749283811337809,20,5,partial abstraction,relation1,necessary-domain2,test3,json,out2,-0.05118838032559739,-0.9839919162955768,0.06782098238193794,42
366,map_5x5_145ae7f434,llama3.1:8b,6,0.1997814422840602,0.3333333333333333,0.04350260424605512,20,5,partial abstraction,relation2,necessary-domain2,performance3,text,out2,-0.0071674485386364045,0.465438934161546,0.0278731494692583,42
367,map_5x5_145ae7f434,llama3.1:8b,7,0.1929852784530309,0.25,0.034023828279458254,20,5,partial abstraction,relation2,necessary-domain2,performance3,json,out2,-0.052029852625869524,-6.284371063887696,0.06945242720936969,42
368,map_5x5_145ae7f434,llama3.1:8b,8,0.2036427744941677,0.25,0.021362075006982475,20,5,partial abstraction,role3,necessary-domain1,domain3,text,out2,-0.050225350606063,-5.549791201391404,0.06733951806312512,42
369,map_5x5_145ae7f434,llama3.1:8b,9,0.21746868957292817,0.5714285714285714,0.11455212923089336,20,5,partial abstraction,role3,necessary-domain1,domain3,json,out2,0.009429251102228017,1.907043056620326,0.009136817805350765,42
370,map_5x5_145ae7f434,llama3.1:8b,10,0.17558604692623023,0.23529411764705882,0.026102840486600862,60,5,partial abstraction,gpt1,domain2,test1,text,out4,0.01230046018958091,1.1489758841068873,0.00453501546903262,42
371,map_5x5_145ae7f434,llama3.1:8b,11,0.2104613236287644,0.5,0.08708543160660219,60,5,partial abstraction,gpt1,domain2,test1,json,out4,0.010571981971226043,0.7719274004261104,0.008601840223584853,42
372,map_5x5_145ae7f434,llama3.3:70b,0,0.19047619047619047,0.19047619047619047,0.0,20,5,partial abstraction,role1,necessary-domain2,domain2,text,out2,-0.06565027199685569,-5.286466378371044,0.08816209728519117,56
373,map_5x5_145ae7f434,llama3.3:70b,1,0.1783769498475381,0.2,0.016557831120622403,20,5,partial abstraction,role1,necessary-domain2,domain2,json,out2,-0.06530945322520672,-3.251781262968514,0.0879705547594598,56
374,map_5x5_145ae7f434,llama3.3:70b,2,0.2113690581437341,0.2857142857142857,0.051644521094399105,20,5,partial abstraction,role1,necessary-domain1,test3,text,out1,-0.06459862731042358,-1.6278686170975976,0.08872291564231824,56
375,map_5x5_145ae7f434,llama3.3:70b,3,0.2038286489124931,0.26666666666666666,0.03183676686055873,20,5,partial abstraction,role1,necessary-domain1,test3,json,out1,-0.05147776476684072,-1.3348371193030146,0.07372263115608978,56
376,map_5x5_145ae7f434,llama3.3:70b,4,0.1667839851705349,0.2,0.0116273805068263,20,5,partial abstraction,relation1,necessary-domain2,test3,text,out2,-0.06590779906404866,-5.162597347432284,0.08752081519968449,56
377,map_5x5_145ae7f434,llama3.3:70b,5,0.17837051837051837,0.2222222222222222,0.01613105517437979,20,5,partial abstraction,relation1,necessary-domain2,test3,json,out2,-0.06395697692675249,0.19795004978625647,0.08724002883193038,56
378,map_5x5_145ae7f434,llama3.3:70b,6,0.17808905380333953,0.2,0.009661362495941283,20,5,partial abstraction,relation2,necessary-domain2,performance3,text,out2,-0.06597256318089503,0.1746987104576269,0.08837290509293472,56
379,map_5x5_145ae7f434,llama3.3:70b,7,0.17625649347947073,0.2222222222222222,0.02474860946355137,20,5,partial abstraction,relation2,necessary-domain2,performance3,json,out2,-0.06557991244608442,-0.45291761252023394,0.0886812629958703,56
380,map_5x5_145ae7f434,llama3.3:70b,8,0.16326530612244897,0.16326530612244897,0.0,20,5,partial abstraction,role3,necessary-domain1,domain3,text,out2,-0.06464129842640384,-4.912071292567283,0.08691973155098298,56
381,map_5x5_145ae7f434,llama3.3:70b,9,0.1666491630342638,0.2222222222222222,0.020590079592380798,20,5,partial abstraction,role3,necessary-domain1,domain3,json,out2,-0.06610004571044724,-3.440629861497483,0.08801256188501912,56
382,map_5x5_145ae7f434,llama3.3:70b,10,0.16710911890822483,0.2222222222222222,0.023443012196131142,60,5,partial abstraction,gpt1,domain2,test1,text,out4,-0.06749442611776643,-9.241827712541525,0.08798762495851228,56
383,map_5x5_145ae7f434,llama3.3:70b,11,0.1782430492213101,0.2222222222222222,0.02255774559903567,60,5,partial abstraction,gpt1,domain2,test1,json,out4,-0.0667683316199552,-3.239958848524112,0.08857044720401362,56
384,map_5x5_985e892d1d,deepseek-r1:14b,0,0.19566550794420262,0.3333333333333333,0.050152518614805866,20,5,perfect abstraction,role1,necessary-domain2,domain2,text,out2,0.04818372687413579,1.8053889832977597,-0.015332905330828256,56
385,map_5x5_985e892d1d,deepseek-r1:14b,1,0.21061859799837168,0.26666666666666666,0.030948738579690573,20,5,perfect abstraction,role1,necessary-domain2,domain2,json,out2,-0.028135457636699744,-0.6320636667826334,0.06146519579348105,56
386,map_5x5_985e892d1d,deepseek-r1:14b,2,0.19667084042968141,0.3333333333333333,0.044958160567979744,20,5,perfect abstraction,role1,necessary-domain1,test3,text,out1,0.08431194063453448,0.9350048551529321,-0.04997633592003868,56
387,map_5x5_985e892d1d,deepseek-r1:14b,3,0.2001306539130511,0.4285714285714286,0.058848974691494395,20,5,perfect abstraction,role1,necessary-domain1,test3,json,out1,0.03240482182375023,1.0933203222164924,-0.0011912616697095754,56
388,map_5x5_985e892d1d,deepseek-r1:14b,4,0.1995579722688798,0.25641025641025644,0.030191147987020377,20,5,perfect abstraction,relation1,necessary-domain2,test3,text,out2,-0.027859303044776074,1.354259588258575,0.060850950490151094,56
389,map_5x5_985e892d1d,deepseek-r1:14b,5,0.2332284164241832,0.4444444444444444,0.07443258332612308,20,5,perfect abstraction,relation1,necessary-domain2,test3,json,out2,-0.02893168173198185,-1.4527592266151295,0.059870376352752906,56
390,map_5x5_985e892d1d,deepseek-r1:14b,6,0.1982116961519523,0.4,0.062267506657713446,20,5,perfect abstraction,relation2,necessary-domain2,performance3,text,out2,-0.028771058088611936,-2.0972260150542796,0.061144129266696275,56
391,map_5x5_985e892d1d,deepseek-r1:14b,7,0.194344987065306,0.29166666666666663,0.03954273210592441,20,5,perfect abstraction,relation2,necessary-domain2,performance3,json,out2,-0.027793181063163804,-0.770459806462397,0.05988773893387541,56
392,map_5x5_985e892d1d,deepseek-r1:14b,8,0.1976913614036404,0.3076923076923077,0.03944763758278814,20,5,perfect abstraction,role3,necessary-domain1,domain3,text,out2,-0.02820630172178854,-0.9942067907738215,0.061185705257313545,56
393,map_5x5_985e892d1d,deepseek-r1:14b,9,0.22382702959806133,0.3333333333333333,0.05272735589360422,20,5,perfect abstraction,role3,necessary-domain1,domain3,json,out2,-0.028228712851802455,-0.5661378203276862,0.060070255950448015,56
394,map_5x5_985e892d1d,deepseek-r1:14b,10,0.2506466115213889,0.4166666666666667,0.06373992140334758,60,5,perfect abstraction,gpt1,domain2,test1,text,out4,-0.028456551673866404,-1.9954244507668324,0.059907515203314124,56
395,map_5x5_985e892d1d,deepseek-r1:14b,11,0.2662460399609801,0.5,0.08481950633349285,60,5,perfect abstraction,gpt1,domain2,test1,json,out4,-0.027824767687845756,-0.5041856363671368,0.06098282213012372,56
396,map_5x5_985e892d1d,deepseek-r1:32b,0,0.21502675767814736,0.4444444444444444,0.07153996898054085,20,5,perfect abstraction,role1,necessary-domain2,domain2,text,out2,-0.028740606458768914,-1.0189620413737923,0.05929452676326032,56
397,map_5x5_985e892d1d,deepseek-r1:32b,1,0.23644205724016848,0.35294117647058826,0.055595442734388656,20,5,perfect abstraction,role1,necessary-domain2,domain2,json,out2,-0.026264886534994508,-0.8426537089645108,0.059685645656926245,56
398,map_5x5_985e892d1d,deepseek-r1:32b,2,0.266595667110542,0.5,0.08031469744520925,20,5,perfect abstraction,role1,necessary-domain1,test3,text,out1,-0.028084224134328765,-0.6843460556230525,0.060354329558710215,56
399,map_5x5_985e892d1d,deepseek-r1:32b,3,0.25272119693172324,0.36363636363636365,0.05455368251640468,20,5,perfect abstraction,role1,necessary-domain1,test3,json,out1,-0.027508815456004317,9.200132210717346,0.05968540938304998,56
400,map_5x5_985e892d1d,deepseek-r1:32b,4,0.2081665258395803,0.3076923076923077,0.03815040161184396,20,5,perfect abstraction,relation1,necessary-domain2,test3,text,out2,-0.02618993233711945,-1.8201425052151452,0.05984015426288047,56
401,map_5x5_985e892d1d,deepseek-r1:32b,5,0.22933484177713453,0.3333333333333333,0.04608241808964605,20,5,perfect abstraction,relation1,necessary-domain2,test3,json,out2,-0.02680829919697269,-0.30042112787251857,0.06164578808382858,56
402,map_5x5_985e892d1d,deepseek-r1:32b,6,0.1885335409014287,0.25,0.02690711861762321,20,5,perfect abstraction,relation2,necessary-domain2,performance3,text,out2,-0.028829458258336455,-0.6876557472404405,0.061071218195415625,56
403,map_5x5_985e892d1d,deepseek-r1:32b,7,0.2505241478514352,0.3428571428571428,0.05602490609075595,20,5,perfect abstraction,relation2,necessary-domain2,performance3,json,out2,-0.021680755537180678,-0.3447632306394803,0.05348313433428605,56
404,map_5x5_985e892d1d,deepseek-r1:32b,8,0.21146639850340626,0.3333333333333333,0.05921200367582751,20,5,perfect abstraction,role3,necessary-domain1,domain3,text,out2,-0.025510264420438376,-0.6155871006617227,0.05700411580857776,56
405,map_5x5_985e892d1d,deepseek-r1:32b,9,0.23083198132390143,0.36363636363636365,0.05859444729869337,20,5,perfect abstraction,role3,necessary-domain1,domain3,json,out2,-0.02838975132930841,-1.4573555736397654,0.059419166463471555,56
406,map_5x5_985e892d1d,deepseek-r1:32b,10,0.2406306131998433,0.3333333333333333,0.0507741136611878,60,5,perfect abstraction,gpt1,domain2,test1,text,out4,-0.02810063316708514,-0.7166322092867811,0.05933861433572708,56
407,map_5x5_985e892d1d,deepseek-r1:32b,11,0.26529139224224124,0.5,0.06496477016767756,60,5,perfect abstraction,gpt1,domain2,test1,json,out4,0.05415046723648197,2.2887533430738394,-0.023516341616355237,56
408,map_5x5_985e892d1d,deepseek-r1:70b,0,0.2478456975949433,0.4,0.0809489837039368,20,5,perfect abstraction,role1,necessary-domain2,domain2,text,out2,-0.02687771755315004,-inf,0.05843089489532364,56
409,map_5x5_985e892d1d,deepseek-r1:70b,1,0.24798766429619962,0.5,0.0802943696278485,20,5,perfect abstraction,role1,necessary-domain2,domain2,json,out2,-0.02717321147876122,-0.6133083944848664,0.059903448740286434,56
410,map_5x5_985e892d1d,deepseek-r1:70b,2,0.2456587449166563,0.3333333333333333,0.062362755040992375,20,5,perfect abstraction,role1,necessary-domain1,test3,text,out1,-0.0269017261568279,-1.1333702683939537,0.06069025869525611,56
411,map_5x5_985e892d1d,deepseek-r1:70b,3,0.25581828422677316,0.4444444444444444,0.08111780394285723,20,5,perfect abstraction,role1,necessary-domain1,test3,json,out1,-0.028972747343636647,-1.4205668804320466,0.059482876128029216,56
412,map_5x5_985e892d1d,deepseek-r1:70b,4,0.24285927393186918,0.36363636363636365,0.06272535303031036,20,5,perfect abstraction,relation1,necessary-domain2,test3,text,out2,0.007178426170278163,-0.008795766228319873,0.024570175267401195,56
413,map_5x5_985e892d1d,deepseek-r1:70b,5,0.2683420728492093,0.4,0.06597432319687067,20,5,perfect abstraction,relation1,necessary-domain2,test3,json,out2,-0.028814876945245788,-1.1510213728814678,0.060061736976106915,56
414,map_5x5_985e892d1d,deepseek-r1:70b,6,0.19796701205953185,0.4,0.06772660384653374,20,5,perfect abstraction,relation2,necessary-domain2,performance3,text,out2,-0.02726090886763159,-1.1388440423118653,0.05875978760421271,56
415,map_5x5_985e892d1d,deepseek-r1:70b,7,0.20756985286522295,0.2857142857142857,0.04054021502106386,20,5,perfect abstraction,relation2,necessary-domain2,performance3,json,out2,-0.028105099880624342,-1.1127097062013864,0.05946556087051115,56
416,map_5x5_985e892d1d,deepseek-r1:70b,8,0.2523036301941631,0.5,0.08740746341786484,20,5,perfect abstraction,role3,necessary-domain1,domain3,text,out2,-0.029367007742680203,-0.9715909809178692,0.05989265531301494,56
417,map_5x5_985e892d1d,deepseek-r1:70b,9,0.2777491108542461,0.4444444444444444,0.07263569567893526,20,5,perfect abstraction,role3,necessary-domain1,domain3,json,out2,0.01872012669309265,-4.51182314882015,0.012906858246950866,56
418,map_5x5_985e892d1d,deepseek-r1:70b,10,0.1982022428764219,0.3333333333333333,0.04196938640782282,60,5,perfect abstraction,gpt1,domain2,test1,text,out4,-0.028633979943891323,-2.0986602296959633,0.06155285400471512,56
419,map_5x5_985e892d1d,deepseek-r1:70b,11,0.2562043421346877,0.4,0.06200101589086942,60,5,perfect abstraction,gpt1,domain2,test1,json,out4,-0.028562155546886535,-0.9072032259115176,0.06014693059559374,56
420,map_5x5_985e892d1d,deepseek-r1:7b,0,0.24526727835491444,0.3333333333333333,0.04436886204097119,20,5,perfect abstraction,role1,necessary-domain2,domain2,text,out2,-0.019395277547457814,-0.7009480951665988,0.041704798877712244,42
421,map_5x5_985e892d1d,deepseek-r1:7b,1,0.24618443305912682,0.3333333333333333,0.0459704844706386,20,5,perfect abstraction,role1,necessary-domain2,domain2,json,out2,-0.01838164343720386,1.4593191340106368,0.04173394163213074,42
422,map_5x5_985e892d1d,deepseek-r1:7b,2,0.269773317255697,0.4,0.05974271665207711,20,5,perfect abstraction,role1,necessary-domain1,test3,text,out1,-0.01863076847697056,-0.9975832744602358,0.04333859616565321,42
423,map_5x5_985e892d1d,deepseek-r1:7b,3,0.24208365257524922,0.3333333333333333,0.045695042614878174,20,5,perfect abstraction,role1,necessary-domain1,test3,json,out1,-0.018127116173032684,-1.0121258996759206,0.04200083099187362,42
424,map_5x5_985e892d1d,deepseek-r1:7b,4,0.23391881788987817,0.3225806451612903,0.037225558073693446,20,5,perfect abstraction,relation1,necessary-domain2,test3,text,out2,-0.019282029597532134,-0.7297939133670882,0.04337810105747642,42
425,map_5x5_985e892d1d,deepseek-r1:7b,5,0.23448692197987825,0.36363636363636365,0.06037292720036151,20,5,perfect abstraction,relation1,necessary-domain2,test3,json,out2,0.009550637619362937,0.8113013369326516,0.014701629933856783,42
426,map_5x5_985e892d1d,deepseek-r1:7b,6,0.22801428563661297,0.3333333333333333,0.044621273685763754,20,5,perfect abstraction,relation2,necessary-domain2,performance3,text,out2,-0.01967674600226534,-60.124224350403935,0.042989171291627534,42
427,map_5x5_985e892d1d,deepseek-r1:7b,7,0.28527054088673276,0.5,0.08468303185252303,20,5,perfect abstraction,relation2,necessary-domain2,performance3,json,out2,-0.019568698339992047,-0.8526832508398186,0.04296263241105606,42
428,map_5x5_985e892d1d,deepseek-r1:7b,8,0.26775548694100315,0.4444444444444444,0.06327880175315358,20,5,perfect abstraction,role3,necessary-domain1,domain3,text,out2,0.014228217431477135,0.7288739146437542,0.008424966969187288,42
429,map_5x5_985e892d1d,deepseek-r1:7b,9,0.27442965798569247,0.4444444444444444,0.07876335350669758,20,5,perfect abstraction,role3,necessary-domain1,domain3,json,out2,-0.01886914744500125,-1.0853057332359834,0.043990546836266395,42
430,map_5x5_985e892d1d,deepseek-r1:7b,10,0.25847739252326474,0.4,0.057997814418428384,60,5,perfect abstraction,gpt1,domain2,test1,text,out4,-0.019187545651008168,-1.2384364272345187,0.04198605028173275,42
431,map_5x5_985e892d1d,deepseek-r1:7b,11,0.2627687371843875,0.37499999999999994,0.047365013024464955,60,5,perfect abstraction,gpt1,domain2,test1,json,out4,-0.019166082148514053,-0.8247467107301483,0.04375354307038439,42
432,map_5x5_985e892d1d,deepseek-r1:8b,0,0.22813437738875203,0.4,0.06498644747302645,20,5,perfect abstraction,role1,necessary-domain2,domain2,text,out2,-0.019339210192362417,0.24928241378226793,0.042056251970075384,42
433,map_5x5_985e892d1d,deepseek-r1:8b,1,0.26789573944231165,0.5,0.07485478991128046,20,5,perfect abstraction,role1,necessary-domain2,domain2,json,out2,-0.0187703415018225,-1.526610879813815,0.04134683231985753,42
434,map_5x5_985e892d1d,deepseek-r1:8b,2,0.23832410624375208,0.5,0.0808680073485021,20,5,perfect abstraction,role1,necessary-domain1,test3,text,out1,0.04234839561912749,inf,-0.018429945586692722,42
435,map_5x5_985e892d1d,deepseek-r1:8b,3,0.1988920031289352,0.2542372881355932,0.031235222911852913,20,5,perfect abstraction,role1,necessary-domain1,test3,json,out1,-0.01942199592552483,-1.6065448413768333,0.04201416329495485,42
436,map_5x5_985e892d1d,deepseek-r1:8b,4,0.2153548827604078,0.3428571428571428,0.05512449906034785,20,5,perfect abstraction,relation1,necessary-domain2,test3,text,out2,-0.01845033348789286,-0.6349655950903147,0.04154446222952429,42
437,map_5x5_985e892d1d,deepseek-r1:8b,5,0.20117928449579398,0.3333333333333333,0.04237388245207508,20,5,perfect abstraction,relation1,necessary-domain2,test3,json,out2,-0.01868532388219753,-0.9919599660601085,0.04224914235018544,42
438,map_5x5_985e892d1d,deepseek-r1:8b,6,0.19727875492119157,0.3076923076923077,0.044633993823464176,20,5,perfect abstraction,relation2,necessary-domain2,performance3,text,out2,-0.02002543845110464,-5.502098370949907,0.04079018138230789,42
439,map_5x5_985e892d1d,deepseek-r1:8b,7,0.21637044188688628,0.36363636363636365,0.06605562602036842,20,5,perfect abstraction,relation2,necessary-domain2,performance3,json,out2,-0.0197731408878924,-1.130687403190576,0.04157459734687724,42
440,map_5x5_985e892d1d,deepseek-r1:8b,8,0.21325476580146124,0.4444444444444444,0.06743170194687814,20,5,perfect abstraction,role3,necessary-domain1,domain3,text,out2,-0.020004554544649375,-1.1807652311144774,0.04251957871374626,42
441,map_5x5_985e892d1d,deepseek-r1:8b,9,0.25625931033376753,0.4,0.05962326733782364,20,5,perfect abstraction,role3,necessary-domain1,domain3,json,out2,-0.019512904797281485,-1.6206577657564307,0.04041820465808819,42
442,map_5x5_985e892d1d,deepseek-r1:8b,10,0.23738004094534362,0.4444444444444444,0.0728340620437289,60,5,perfect abstraction,gpt1,domain2,test1,text,out4,-0.018624903420134144,-0.1798896979373452,0.040185888102130245,42
443,map_5x5_985e892d1d,deepseek-r1:8b,11,0.2126494975053291,0.3333333333333333,0.041428082660305864,60,5,perfect abstraction,gpt1,domain2,test1,json,out4,-0.0204274666451272,2.0484932316383766,0.04278940404691389,42
444,map_5x5_985e892d1d,llama3.1:70b,0,0.22557729425899709,0.3333333333333333,0.049533372078789134,20,5,perfect abstraction,role1,necessary-domain2,domain2,text,out2,-0.027581613260720415,-60.38738842494324,0.059185069859737385,56
445,map_5x5_985e892d1d,llama3.1:70b,1,0.2109808936109176,0.2857142857142857,0.035079947017662434,20,5,perfect abstraction,role1,necessary-domain2,domain2,json,out2,-0.027351559833401682,-inf,0.06035524451306883,56
446,map_5x5_985e892d1d,llama3.1:70b,2,0.251098530560787,0.4,0.05812359045526731,20,5,perfect abstraction,role1,necessary-domain1,test3,text,out1,0.010774703854251466,0.4006294100712102,0.02118596728891135,56
447,map_5x5_985e892d1d,llama3.1:70b,3,0.27171356421356424,0.5,0.0702748738956489,20,5,perfect abstraction,role1,necessary-domain1,test3,json,out1,0.01249666051318248,2.1893933073088574,0.019501768792314193,56
448,map_5x5_985e892d1d,llama3.1:70b,4,0.24265957477886949,0.4,0.05111334819680422,20,5,perfect abstraction,relation1,necessary-domain2,test3,text,out2,-0.027836336766680035,-1.220386245921641,0.060418906600347544,56
449,map_5x5_985e892d1d,llama3.1:70b,5,0.23187590187590187,0.3333333333333333,0.04170618153335552,20,5,perfect abstraction,relation1,necessary-domain2,test3,json,out2,-0.027545765932826722,-0.7502497141456265,0.05956670700084591,56
450,map_5x5_985e892d1d,llama3.1:70b,6,0.20985281083123616,0.25,0.023511522956733075,20,5,perfect abstraction,relation2,necessary-domain2,performance3,text,out2,0.01196184956069504,0.8695223083047107,0.022328052066621324,56
451,map_5x5_985e892d1d,llama3.1:70b,7,0.2093587950101549,0.2857142857142857,0.028120301913138326,20,5,perfect abstraction,relation2,necessary-domain2,performance3,json,out2,-0.02753927641326468,-0.2740137597212594,0.060011467287937756,56
452,map_5x5_985e892d1d,llama3.1:70b,8,0.2725251502883082,0.5,0.08261932649063358,20,5,perfect abstraction,role3,necessary-domain1,domain3,text,out2,-0.028254540222031686,-0.7871717896377507,0.058271822679255646,56
453,map_5x5_985e892d1d,llama3.1:70b,9,0.21327422940770605,0.26666666666666666,0.0287470662736803,20,5,perfect abstraction,role3,necessary-domain1,domain3,json,out2,-0.027588788011953896,-1.2608728803817815,0.05962924475293779,56
454,map_5x5_985e892d1d,llama3.1:70b,10,0.21098101964402718,0.2857142857142857,0.03267792621891221,60,5,perfect abstraction,gpt1,domain2,test1,text,out4,-0.027231274724361394,0.2207107824699639,0.06077340341394851,56
455,map_5x5_985e892d1d,llama3.1:70b,11,0.224039741472872,0.2857142857142857,0.030551393581536124,60,5,perfect abstraction,gpt1,domain2,test1,json,out4,-0.027948289236852056,-1.5240595225644198,0.06075399782331213,56
456,map_5x5_985e892d1d,llama3.1:8b,0,0.21558829592443035,0.22857142857142856,0.012586190697860223,20,5,perfect abstraction,role1,necessary-domain2,domain2,text,out2,-0.021595370459651146,-1.2504284117991862,0.04250415677825605,42
457,map_5x5_985e892d1d,llama3.1:8b,1,0.2200412271176929,0.3333333333333333,0.038287314280089316,20,5,perfect abstraction,role1,necessary-domain2,domain2,json,out2,-0.020363270526840515,-1.411590967329316,0.0418544067678943,42
458,map_5x5_985e892d1d,llama3.1:8b,2,0.24559592239174863,0.5,0.06774069569186779,20,5,perfect abstraction,role1,necessary-domain1,test3,text,out1,-0.0066051525185032356,4.551644470549356,0.02948230635552179,42
459,map_5x5_985e892d1d,llama3.1:8b,3,0.2665751893707501,0.5,0.09730941821676795,20,5,perfect abstraction,role1,necessary-domain1,test3,json,out1,-0.027756488129851316,-0.9520221667956671,0.060814848746217384,56
460,map_5x5_985e892d1d,llama3.1:8b,4,0.24787390045990673,0.5,0.07732924596514973,20,5,perfect abstraction,relation1,necessary-domain2,test3,text,out2,-0.019353543765961132,-1.1044205487352767,0.04258003967385439,42
461,map_5x5_985e892d1d,llama3.1:8b,5,0.3305662867371728,0.5714285714285714,0.11041390920252056,20,5,perfect abstraction,relation1,necessary-domain2,test3,json,out2,-0.018898350158854087,-2.6094002306063353,0.04092203567661931,42
462,map_5x5_985e892d1d,llama3.1:8b,6,0.22236761527398463,0.25925925925925924,0.0177370660152131,20,5,perfect abstraction,relation2,necessary-domain2,performance3,text,out2,-0.02079731748927202,-11.756444728042124,0.04290968244510979,42
463,map_5x5_985e892d1d,llama3.1:8b,7,0.2697960324606509,0.5,0.10388974508113635,20,5,perfect abstraction,relation2,necessary-domain2,performance3,json,out2,-0.01886360790757901,-1.3271927586987615,0.040135795256448115,42
464,map_5x5_985e892d1d,llama3.1:8b,8,0.25254106276068217,0.5,0.07630625968583887,20,5,perfect abstraction,role3,necessary-domain1,domain3,text,out2,-0.018803603173721352,-1.2497917617388359,0.043100623225881894,42
465,map_5x5_985e892d1d,llama3.1:8b,9,0.21713104715688908,0.35714285714285715,0.04810370600502195,20,5,perfect abstraction,role3,necessary-domain1,domain3,json,out2,-0.020536466444295506,-1.1287907605389402,0.04322658687356914,42
466,map_5x5_985e892d1d,llama3.1:8b,10,0.25352035122642885,0.4,0.060812287299630605,60,5,perfect abstraction,gpt1,domain2,test1,text,out4,0.026591882166408357,0.5843230375996971,-0.002731426294360833,42
467,map_5x5_985e892d1d,llama3.1:8b,11,0.22859946308657583,0.5,0.07174781778170279,60,5,perfect abstraction,gpt1,domain2,test1,json,out4,-0.016075678479576878,-0.8001011798128934,0.04109461174597817,42
468,map_5x5_985e892d1d,llama3.3:70b,0,0.23364254792826222,0.26666666666666666,0.021227341616747823,20,5,perfect abstraction,role1,necessary-domain2,domain2,text,out2,-0.02768246474720178,-0.5474497864059884,0.05881208401173348,56
469,map_5x5_985e892d1d,llama3.3:70b,1,0.22434068817185698,0.3076923076923077,0.029046950037129305,20,5,perfect abstraction,role1,necessary-domain2,domain2,json,out2,0.010638655158025876,0.2468428198284037,0.024865280565406593,56
470,map_5x5_985e892d1d,llama3.3:70b,2,0.22452669552669552,0.3333333333333333,0.04501543664461373,20,5,perfect abstraction,role1,necessary-domain1,test3,text,out1,-0.021797500476241124,-0.30765778808915695,0.05257486064341806,56
471,map_5x5_985e892d1d,llama3.3:70b,3,0.2084476708230861,0.2857142857142857,0.04019267532588603,20,5,perfect abstraction,role1,necessary-domain1,test3,json,out1,-0.02823490978529051,-1.2763131548119226,0.06048887209345893,56
472,map_5x5_985e892d1d,llama3.3:70b,4,0.18825059584610146,0.2222222222222222,0.016336188163879873,20,5,perfect abstraction,relation1,necessary-domain2,test3,text,out2,-0.026497622251155786,-0.6717757660190216,0.05939612017146174,56
473,map_5x5_985e892d1d,llama3.3:70b,5,0.2058976746767444,0.2857142857142857,0.03406132285250575,20,5,perfect abstraction,relation1,necessary-domain2,test3,json,out2,0.01065669817583903,-2.5769445861518183,0.021085104656716182,56
474,map_5x5_985e892d1d,llama3.3:70b,6,0.20108444824445254,0.3333333333333333,0.04659975081156356,20,5,perfect abstraction,relation2,necessary-domain2,performance3,text,out2,-0.021085443099339803,-0.22744250694197427,0.05419200422508376,56
475,map_5x5_985e892d1d,llama3.3:70b,7,0.16361888677475298,0.2,0.012883191697092131,20,5,perfect abstraction,relation2,necessary-domain2,performance3,json,out2,-0.025870135678421835,-0.9332718632483804,0.060147993195624534,56
476,map_5x5_985e892d1d,llama3.3:70b,8,0.20408163265306117,0.2040816326530612,0.0,20,5,perfect abstraction,role3,necessary-domain1,domain3,text,out2,-0.027260950402844465,-0.6278387062122589,0.060433032072725705,56
477,map_5x5_985e892d1d,llama3.3:70b,9,0.21853173435399348,0.2857142857142857,0.03862172577948246,20,5,perfect abstraction,role3,necessary-domain1,domain3,json,out2,-0.02832357054842366,-0.92155108407774,0.05985667202266904,56
478,map_5x5_985e892d1d,llama3.3:70b,10,0.19653102132026337,0.25,0.018635249621697138,60,5,perfect abstraction,gpt1,domain2,test1,text,out4,-0.027196528290708812,-1.0200202560278522,0.05986821454373139,56
479,map_5x5_985e892d1d,llama3.3:70b,11,0.20738091643050444,0.2857142857142857,0.026332174569808943,60,5,perfect abstraction,gpt1,domain2,test1,json,out4,0.011266027399826618,0.6117854883051326,0.02085667042150385,56
480,map_5x5_eb9bf2f286,deepseek-r1:14b,0,0.12937488721005325,0.2,0.02984315969105627,20,5,no abstraction,role1,necessary-domain2,domain2,text,out2,0.017326285966805056,1.2121620799842414,0.0021445842708150546,56
481,map_5x5_eb9bf2f286,deepseek-r1:14b,1,0.12865400926602838,0.23529411764705882,0.03031164356645436,20,5,no abstraction,role1,necessary-domain2,domain2,json,out2,-0.01167218179575034,inf,0.028573720646756028,56
482,map_5x5_eb9bf2f286,deepseek-r1:14b,2,0.125260090416704,0.16666666666666666,0.01509875199001232,20,5,no abstraction,role1,necessary-domain1,test3,text,out1,0.019359461124099437,1.2820525971522392,0.00023421131961402298,56
483,map_5x5_eb9bf2f286,deepseek-r1:14b,3,0.19030088742566106,1.0,0.1942030757715072,20,5,no abstraction,role1,necessary-domain1,test3,json,out1,0.019153240502235436,inf,-0.0023543776518532185,56
484,map_5x5_eb9bf2f286,deepseek-r1:14b,4,0.17462674709675424,1.0,0.1956672752839955,20,5,no abstraction,relation1,necessary-domain2,test3,text,out2,0.019137611504466776,-inf,-0.00016073545884518893,56
485,map_5x5_eb9bf2f286,deepseek-r1:14b,5,0.16355422772140812,0.5,0.09303901773067606,20,5,no abstraction,relation1,necessary-domain2,test3,json,out2,0.019619438249085627,-inf,-0.0004844527656123801,56
486,map_5x5_eb9bf2f286,deepseek-r1:14b,6,0.12151401076669033,0.15151515151515152,0.016261148600603608,20,5,no abstraction,relation2,necessary-domain2,performance3,text,out2,-0.014649228038532346,-1.970341151925677,0.03323430076951067,56
487,map_5x5_eb9bf2f286,deepseek-r1:14b,7,0.135500145711633,0.2222222222222222,0.037142524136917605,20,5,no abstraction,relation2,necessary-domain2,performance3,json,out2,-0.014060458636709574,-0.718399155606326,0.03373108371382664,56
488,map_5x5_eb9bf2f286,deepseek-r1:14b,8,0.11784070866734278,0.16541353383458646,0.013988296420665198,20,5,no abstraction,role3,necessary-domain1,domain3,text,out2,-0.014132510891982445,-0.854247201004316,0.035732731129087106,56
489,map_5x5_eb9bf2f286,deepseek-r1:14b,9,0.1438804864032786,0.3333333333333333,0.055353836380192034,20,5,no abstraction,role3,necessary-domain1,domain3,json,out2,0.020359016765086436,-0.8029414896847055,-0.0006508516094514385,56
490,map_5x5_eb9bf2f286,deepseek-r1:14b,10,0.12750854188232902,0.19354838709677422,0.02144188096848093,60,5,no abstraction,gpt1,domain2,test1,text,out4,0.04927248508625087,inf,-0.03104256019173634,56
491,map_5x5_eb9bf2f286,deepseek-r1:14b,11,0.20408753684531417,1.0,0.18758664638887726,60,5,no abstraction,gpt1,domain2,test1,json,out4,0.018882802127017866,inf,-0.0003888287838725837,56
492,map_5x5_eb9bf2f286,deepseek-r1:32b,0,0.13036613537725114,0.2142857142857143,0.027897864643019712,20,5,no abstraction,role1,necessary-domain2,domain2,text,out2,-0.013530760313428541,-0.38060605279919413,0.03175212768571712,56
493,map_5x5_eb9bf2f286,deepseek-r1:32b,1,0.14750009830572908,0.25,0.04057023070494676,20,5,no abstraction,role1,necessary-domain2,domain2,json,out2,0.02604678356399139,inf,-0.006875883998970183,56
494,map_5x5_eb9bf2f286,deepseek-r1:32b,2,0.1606701549012433,0.3333333333333333,0.04979320229663691,20,5,no abstraction,role1,necessary-domain1,test3,text,out1,0.018317705568458357,1.6120431883445288,-0.0019054717836635496,56
495,map_5x5_eb9bf2f286,deepseek-r1:32b,3,0.1488131773042214,0.3333333333333333,0.05828777223120921,20,5,no abstraction,role1,necessary-domain1,test3,json,out1,0.019956845607431172,1.0719364681228762,0.0012909552969393235,56
496,map_5x5_eb9bf2f286,deepseek-r1:32b,4,0.14214599616727588,0.2857142857142857,0.043342425694839766,20,5,no abstraction,relation1,necessary-domain2,test3,text,out2,0.018811989110850143,0.745351148603361,-0.0008551865479066196,56
497,map_5x5_eb9bf2f286,deepseek-r1:32b,5,0.16342238801932568,0.5,0.08758260834611781,20,5,no abstraction,relation1,necessary-domain2,test3,json,out2,0.017843577473291333,1.1811453056638344,0.0011013319840033878,56
498,map_5x5_eb9bf2f286,deepseek-r1:32b,6,0.13439242816134556,0.2857142857142857,0.03803728384670804,20,5,no abstraction,relation2,necessary-domain2,performance3,text,out2,-0.01368727898491276,-0.44299937428628794,0.033160419118191474,56
499,map_5x5_eb9bf2f286,deepseek-r1:32b,7,0.12674680402492428,0.23529411764705882,0.03014503521181672,20,5,no abstraction,relation2,necessary-domain2,performance3,json,out2,0.026223885761130415,inf,-0.007346279028625709,56
500,map_5x5_eb9bf2f286,deepseek-r1:32b,8,0.13188522636673206,0.2857142857142857,0.041397568969220935,20,5,no abstraction,role3,necessary-domain1,domain3,text,out2,0.02682107358106545,inf,-0.005913715797166029,56
501,map_5x5_eb9bf2f286,deepseek-r1:32b,9,0.13357956998952686,0.2222222222222222,0.03591387414538133,20,5,no abstraction,role3,necessary-domain1,domain3,json,out2,0.01869421007022971,0.8928677294145634,0.0002364849263713484,56
502,map_5x5_eb9bf2f286,deepseek-r1:32b,10,0.17976745965304886,0.4,0.08589180794776248,60,5,no abstraction,gpt1,domain2,test1,text,out4,0.02564590592646882,1.4110508259035537,-0.007772313551533792,56
503,map_5x5_eb9bf2f286,deepseek-r1:32b,11,0.16324354687714795,0.2857142857142857,0.038070525715307287,60,5,no abstraction,gpt1,domain2,test1,json,out4,0.03853645031296071,inf,-0.01935742860393864,56
504,map_5x5_eb9bf2f286,deepseek-r1:70b,0,0.1420511880087309,0.2222222222222222,0.032504742679699064,20,5,no abstraction,role1,necessary-domain2,domain2,text,out2,-0.013962758190575053,-0.771371457385065,0.03209423127096319,56
505,map_5x5_eb9bf2f286,deepseek-r1:70b,1,0.14138889732872,0.20512820512820512,0.023251419132744353,20,5,no abstraction,role1,necessary-domain2,domain2,json,out2,0.028103595725482416,1.4364722883641279,-0.00996058310249022,56
506,map_5x5_eb9bf2f286,deepseek-r1:70b,2,0.145408725925901,0.2222222222222222,0.028472995471289255,20,5,no abstraction,role1,necessary-domain1,test3,text,out1,-0.0116561159864068,-0.24591948682888254,0.031589263271363,56
507,map_5x5_eb9bf2f286,deepseek-r1:70b,3,0.15735999041379373,0.25,0.034556719186431405,20,5,no abstraction,role1,necessary-domain1,test3,json,out1,0.03544939674437046,2.9476760908576316,-0.018114816037317103,56
508,map_5x5_eb9bf2f286,deepseek-r1:70b,4,0.14354900028885054,0.19047619047619047,0.031878700481655836,20,5,no abstraction,relation1,necessary-domain2,test3,text,out2,0.0364537792865719,inf,-0.01800362831602494,56
509,map_5x5_eb9bf2f286,deepseek-r1:70b,5,0.13602753502752887,0.2222222222222222,0.027058498132899834,20,5,no abstraction,relation1,necessary-domain2,test3,json,out2,-0.013463598856968493,-inf,0.03259045546076123,56
510,map_5x5_eb9bf2f286,deepseek-r1:70b,6,0.13780591797981495,0.1702127659574468,0.01808902464606705,20,5,no abstraction,relation2,necessary-domain2,performance3,text,out2,-0.01269733407845099,-0.8447989906434806,0.0328712924977853,56
511,map_5x5_eb9bf2f286,deepseek-r1:70b,7,0.1307603209929716,0.17391304347826086,0.022614657596213807,20,5,no abstraction,relation2,necessary-domain2,performance3,json,out2,-0.014571256799002437,-inf,0.033731579051486035,56
512,map_5x5_eb9bf2f286,deepseek-r1:70b,8,0.17935546467376345,0.3333333333333333,0.06580156205123354,20,5,no abstraction,role3,necessary-domain1,domain3,text,out2,0.04424286354510557,2.87963265945564,-0.02635571294419822,56
513,map_5x5_eb9bf2f286,deepseek-r1:70b,9,0.1792628030197933,0.4,0.07582132355208951,20,5,no abstraction,role3,necessary-domain1,domain3,json,out2,0.026466764295030205,inf,-0.009324757580955825,56
514,map_5x5_eb9bf2f286,deepseek-r1:70b,10,0.15572354449566675,0.20833333333333334,0.02764773146485148,60,5,no abstraction,gpt1,domain2,test1,text,out4,-0.013475782890759716,-0.195317435020289,0.03380178105973058,56
515,map_5x5_eb9bf2f286,deepseek-r1:70b,11,0.1770183504295631,0.2857142857142857,0.04685921931755883,60,5,no abstraction,gpt1,domain2,test1,json,out4,-0.01490816604523427,-inf,0.03327983349384292,56
516,map_5x5_eb9bf2f286,deepseek-r1:7b,0,0.14908135486962018,0.2857142857142857,0.04118426212574198,20,5,no abstraction,role1,necessary-domain2,domain2,text,out2,0.011322851675370385,inf,0.0007799201730697885,42
517,map_5x5_eb9bf2f286,deepseek-r1:7b,1,0.14517485875010078,0.2222222222222222,0.02305593010430906,20,5,no abstraction,role1,necessary-domain2,domain2,json,out2,-0.008500055455499181,-inf,0.02179631321912715,42
518,map_5x5_eb9bf2f286,deepseek-r1:7b,2,0.17827927228510831,0.3333333333333333,0.061201391570966886,20,5,no abstraction,role1,necessary-domain1,test3,text,out1,0.01130223267135166,2.9624823430377836,6.348677570857888e-05,42
519,map_5x5_eb9bf2f286,deepseek-r1:7b,3,0.21033371486296662,1.0,0.19926774070824005,20,5,no abstraction,role1,necessary-domain1,test3,json,out1,0.012553171465794237,0.728921444057193,8.204346138332934e-05,42
520,map_5x5_eb9bf2f286,deepseek-r1:7b,4,0.18140993607071412,0.3333333333333333,0.0776636185693119,20,5,no abstraction,relation1,necessary-domain2,test3,text,out2,0.013270575560274576,0.699691927707633,0.000568064992863022,42
521,map_5x5_eb9bf2f286,deepseek-r1:7b,5,0.16314503157090154,0.303030303030303,0.049246368899836794,20,5,no abstraction,relation1,necessary-domain2,test3,json,out2,-0.008685943723197916,-0.8321829667375846,0.02219527351950837,42
522,map_5x5_eb9bf2f286,deepseek-r1:7b,6,0.14096939132049896,0.25,0.02964168573095128,20,5,no abstraction,relation2,necessary-domain2,performance3,text,out2,-0.009573410948117526,-0.7082750611312042,0.02350196715148663,42
523,map_5x5_eb9bf2f286,deepseek-r1:7b,7,0.1537483863677195,0.22641509433962267,0.034858471542966826,20,5,no abstraction,relation2,necessary-domain2,performance3,json,out2,-0.009004959636737402,-0.45303387362577263,0.022240847271113137,42
524,map_5x5_eb9bf2f286,deepseek-r1:7b,8,0.16527450370423719,0.25,0.03636063493059469,20,5,no abstraction,role3,necessary-domain1,domain3,text,out2,0.01321557412544885,inf,0.0008888417647944592,42
525,map_5x5_eb9bf2f286,deepseek-r1:7b,9,0.1753997067288668,0.25,0.03524251106212181,20,5,no abstraction,role3,necessary-domain1,domain3,json,out2,-0.009338816804072166,23.81357210505583,0.02153287625265495,42
526,map_5x5_eb9bf2f286,deepseek-r1:7b,10,0.1877858481875036,0.3333333333333333,0.06356533920590138,60,5,no abstraction,gpt1,domain2,test1,text,out4,0.012624315250487558,2.6766810680821758,-0.00027063389855718287,42
527,map_5x5_eb9bf2f286,deepseek-r1:7b,11,0.151388722774327,0.2222222222222222,0.027407934237405923,60,5,no abstraction,gpt1,domain2,test1,json,out4,-0.009370992349253713,-1.570700121598212,0.02202339763206144,42
528,map_5x5_eb9bf2f286,deepseek-r1:8b,0,0.13498882085594568,0.1694915254237288,0.018863143718882404,20,5,no abstraction,role1,necessary-domain2,domain2,text,out2,-0.008375118755631933,-inf,0.021810817692487914,42
529,map_5x5_eb9bf2f286,deepseek-r1:8b,1,0.1956298932950961,1.0,0.1912437620875515,20,5,no abstraction,role1,necessary-domain2,domain2,json,out2,0.014077817577691311,0.09086871905144196,-0.0010395115259147884,42
530,map_5x5_eb9bf2f286,deepseek-r1:8b,2,0.13398017031163792,0.25,0.04245426762071168,20,5,no abstraction,role1,necessary-domain1,test3,text,out1,0.019297226196716706,inf,-0.007218568989681824,42
531,map_5x5_eb9bf2f286,deepseek-r1:8b,3,0.1162922072864658,0.14545454545454545,0.010142672592650143,20,5,no abstraction,role1,necessary-domain1,test3,json,out1,-0.009303262725708927,-inf,0.021807521860750842,42
532,map_5x5_eb9bf2f286,deepseek-r1:8b,4,0.12570354137815104,0.18181818181818182,0.022430245911412735,20,5,no abstraction,relation1,necessary-domain2,test3,text,out2,-0.008010431762252487,-0.42477539721322255,0.02214791802186809,42
533,map_5x5_eb9bf2f286,deepseek-r1:8b,5,0.11779546700290466,0.14285714285714285,0.010805838357573616,20,5,no abstraction,relation1,necessary-domain2,test3,json,out2,-0.009044897887441797,-1.5275983013971124,0.022106555125543007,42
534,map_5x5_eb9bf2f286,deepseek-r1:8b,6,0.12260980318561407,0.2222222222222222,0.0271988407115842,20,5,no abstraction,relation2,necessary-domain2,performance3,text,out2,-0.009280201054754664,-inf,0.021882133703856194,42
535,map_5x5_eb9bf2f286,deepseek-r1:8b,7,0.12234734585034943,0.16666666666666666,0.015046189368767978,20,5,no abstraction,relation2,necessary-domain2,performance3,json,out2,-0.008846761305180766,-0.5166229303336141,0.023265609410073974,42
536,map_5x5_eb9bf2f286,deepseek-r1:8b,8,0.14271543227488898,0.2857142857142857,0.05669812029956515,20,5,no abstraction,role3,necessary-domain1,domain3,text,out2,0.01742931661624758,inf,-0.006328526685635249,42
537,map_5x5_eb9bf2f286,deepseek-r1:8b,9,0.1331658369323404,0.2857142857142857,0.03962541934899521,20,5,no abstraction,role3,necessary-domain1,domain3,json,out2,-0.009021969463617037,0.682648204797425,0.021822993821567913,42
538,map_5x5_eb9bf2f286,deepseek-r1:8b,10,0.1516540275623662,0.25,0.04061248898644338,60,5,no abstraction,gpt1,domain2,test1,text,out4,-0.009103418489297185,-0.6645070670183818,0.021816555973556265,42
539,map_5x5_eb9bf2f286,deepseek-r1:8b,11,0.13896038616476267,0.25,0.03164331534270797,60,5,no abstraction,gpt1,domain2,test1,json,out4,-0.009043179662927706,-0.5545164894305352,0.02239726439827959,42
540,map_5x5_eb9bf2f286,llama3.1:70b,0,0.1288567322964422,0.26666666666666666,0.033588425498926086,20,5,no abstraction,role1,necessary-domain2,domain2,text,out2,0.01773591632112153,-inf,0.0024136932903811963,56
541,map_5x5_eb9bf2f286,llama3.1:70b,1,0.1343444437974286,0.2,0.027811067946267545,20,5,no abstraction,role1,necessary-domain2,domain2,json,out2,-0.013106818280759268,-inf,0.03388653598371002,56
542,map_5x5_eb9bf2f286,llama3.1:70b,2,0.12640081501727068,0.16,0.012576034956851403,20,5,no abstraction,role1,necessary-domain1,test3,text,out1,-0.012953833288380028,-inf,0.03386801575088781,56
543,map_5x5_eb9bf2f286,llama3.1:70b,3,0.13238804694687048,0.2222222222222222,0.02533359151569414,20,5,no abstraction,role1,necessary-domain1,test3,json,out1,-0.009191228770429185,inf,0.029105614698713745,56
544,map_5x5_eb9bf2f286,llama3.1:70b,4,0.15412131622870073,0.2222222222222222,0.03037220474513349,20,5,no abstraction,relation1,necessary-domain2,test3,text,out2,-0.015127958089467973,-inf,0.03311666899316363,56
545,map_5x5_eb9bf2f286,llama3.1:70b,5,0.13321954955893336,0.18181818181818182,0.01772756457918068,20,5,no abstraction,relation1,necessary-domain2,test3,json,out2,-0.014499736550663148,-inf,0.03275591382313338,56
546,map_5x5_eb9bf2f286,llama3.1:70b,6,0.13639367009229125,0.2222222222222222,0.02350025351209597,20,5,no abstraction,relation2,necessary-domain2,performance3,text,out2,-0.014137515471804656,-0.8199607107965772,0.03305040535472683,56
547,map_5x5_eb9bf2f286,llama3.1:70b,7,0.13503155100340428,0.2,0.021379371472407108,20,5,no abstraction,relation2,necessary-domain2,performance3,json,out2,-0.01384773961490104,-inf,0.03323219873720687,56
548,map_5x5_eb9bf2f286,llama3.1:70b,8,0.13440261392667505,0.16666666666666666,0.015628234118052378,20,5,no abstraction,role3,necessary-domain1,domain3,text,out2,-0.013655432625895416,-0.6667300067907602,0.03336639120110439,56
549,map_5x5_eb9bf2f286,llama3.1:70b,9,0.12630645505878677,0.14285714285714285,0.00709525833839909,20,5,no abstraction,role3,necessary-domain1,domain3,json,out2,-0.014445582103161545,-2.812990714304746,0.032953235666666664,56
550,map_5x5_eb9bf2f286,llama3.1:70b,10,0.11993111081058026,0.13333333333333333,0.005961367524314883,60,5,no abstraction,gpt1,domain2,test1,text,out4,-0.014736397046418381,-inf,0.03272772118271812,56
551,map_5x5_eb9bf2f286,llama3.1:70b,11,0.12761412538784436,0.15384615384615385,0.010889697714902915,60,5,no abstraction,gpt1,domain2,test1,json,out4,-0.013663343780097459,-0.43632883441244846,0.03244062801024738,56
552,map_5x5_eb9bf2f286,llama3.1:8b,0,0.12568924899664632,0.12765957446808512,0.0031922934687067224,20,5,no abstraction,role1,necessary-domain2,domain2,text,out2,-0.009290242405637824,-inf,0.022759116762687232,42
553,map_5x5_eb9bf2f286,llama3.1:8b,1,0.20523308744780816,1.0,0.21993588735723238,20,5,no abstraction,role1,necessary-domain2,domain2,json,out2,0.0100958958504692,1.8476142204079022,0.0002632304671264739,42
554,map_5x5_eb9bf2f286,llama3.1:8b,2,0.1394744620559827,0.2222222222222222,0.022960017474484683,20,5,no abstraction,role1,necessary-domain1,test3,text,out1,-0.008748707925043361,1.9552847634602213,0.02317783584197358,42
555,map_5x5_eb9bf2f286,llama3.1:8b,3,0.16988959756036062,0.5,0.09334082629589964,20,5,no abstraction,role1,necessary-domain1,test3,json,out1,0.01843377478243339,1.4867696445204681,-0.00014823406225158615,56
556,map_5x5_eb9bf2f286,llama3.1:8b,4,0.13560070169796776,0.2,0.021041834566147437,20,5,no abstraction,relation1,necessary-domain2,test3,text,out2,-0.008421518109620517,-0.41959785043327746,0.02200007724146989,42
557,map_5x5_eb9bf2f286,llama3.1:8b,5,0.16998092008498505,0.5,0.09864737699389355,20,5,no abstraction,relation1,necessary-domain2,test3,json,out2,0.012973628980772835,1.0891506527800605,-0.0007555563203872217,42
558,map_5x5_eb9bf2f286,llama3.1:8b,6,0.12295623197419196,0.13559322033898305,0.006632298165318905,20,5,no abstraction,relation2,necessary-domain2,performance3,text,out2,-0.008912919974989317,-0.3866153612133446,0.020881263722502954,42
559,map_5x5_eb9bf2f286,llama3.1:8b,7,0.13481062358368862,0.2222222222222222,0.02570323379202156,20,5,no abstraction,relation2,necessary-domain2,performance3,json,out2,0.013835494489896863,inf,6.473628064942641e-05,42
560,map_5x5_eb9bf2f286,llama3.1:8b,8,0.15814892715096468,0.3333333333333333,0.06821945103859539,20,5,no abstraction,role3,necessary-domain1,domain3,text,out2,0.027814012302292714,inf,-0.0142296619287559,42
561,map_5x5_eb9bf2f286,llama3.1:8b,9,0.16653229737859593,0.5,0.09520812684350982,20,5,no abstraction,role3,necessary-domain1,domain3,json,out2,0.015471718992505748,0.7363581675209289,-0.002125053900101836,42
562,map_5x5_eb9bf2f286,llama3.1:8b,10,0.1386252451137449,0.2222222222222222,0.031826155397631666,60,5,no abstraction,gpt1,domain2,test1,text,out4,-0.009317898310366078,-inf,0.020341887809927454,42
563,map_5x5_eb9bf2f286,llama3.1:8b,11,0.13786965227766684,0.3333333333333333,0.04608128031938331,60,5,no abstraction,gpt1,domain2,test1,json,out4,0.0109185545950655,-1.5917399937637993,0.0010221402063256095,42
564,map_5x5_eb9bf2f286,llama3.3:70b,0,0.1124352450315814,0.12000000000000002,0.0020871731141185196,20,5,no abstraction,role1,necessary-domain2,domain2,text,out2,-0.013194414465909866,-inf,0.03248235374511703,56
565,map_5x5_eb9bf2f286,llama3.3:70b,1,0.1288250859204674,0.14285714285714285,0.01084120573614613,20,5,no abstraction,role1,necessary-domain2,domain2,json,out2,-0.012486301504430275,-1.2018534340022067,0.033313723296991365,56
566,map_5x5_eb9bf2f286,llama3.3:70b,2,0.1056105610561056,0.10561056105610561,0.0,20,5,no abstraction,role1,necessary-domain1,test3,text,out1,-0.013420472377467681,-1.294037725243015,0.03135885850482039,56
567,map_5x5_eb9bf2f286,llama3.3:70b,3,0.12493425442502293,0.25,0.03088257965307695,20,5,no abstraction,role1,necessary-domain1,test3,json,out1,-0.01431590373317396,-inf,0.03250257685070942,56
568,map_5x5_eb9bf2f286,llama3.3:70b,4,0.1145264314109317,0.125,0.00587842846067492,20,5,no abstraction,relation1,necessary-domain2,test3,text,out2,-0.013250343345460392,-0.3772261560576484,0.03352805782464283,56
569,map_5x5_eb9bf2f286,llama3.3:70b,5,0.16455536170271076,1.0,0.19709392254694583,20,5,no abstraction,relation1,necessary-domain2,test3,json,out2,0.01818971288878294,0.6873835080765718,-0.0006548226003845636,56
570,map_5x5_eb9bf2f286,llama3.3:70b,6,0.1111024287060518,0.125,0.005158774886145952,20,5,no abstraction,relation2,necessary-domain2,performance3,text,out2,-0.01314365053815496,-0.331083941468218,0.03165101586353206,56
571,map_5x5_eb9bf2f286,llama3.3:70b,7,0.10894510692398371,0.125,0.0060937669932533915,20,5,no abstraction,relation2,necessary-domain2,performance3,json,out2,-0.013295391508865875,-0.8983741118472002,0.031979594663495065,56
572,map_5x5_eb9bf2f286,llama3.3:70b,8,0.12081482786812765,0.13114754098360656,0.005463178080135092,20,5,no abstraction,role3,necessary-domain1,domain3,text,out2,-0.014304379671812003,-1.8549178502595949,0.03231425951101946,56
573,map_5x5_eb9bf2f286,llama3.3:70b,9,0.1340120344761695,0.3333333333333333,0.04782426770749228,20,5,no abstraction,role3,necessary-domain1,domain3,json,out2,0.01721110599026793,0.5923843493463234,0.000997760097185769,56
574,map_5x5_eb9bf2f286,llama3.3:70b,10,0.11689340172619159,0.1388888888888889,0.006183008224013663,60,5,no abstraction,gpt1,domain2,test1,text,out4,-0.0141201484717783,-1.1215176641377638,0.033293196463159105,56
575,map_5x5_eb9bf2f286,llama3.3:70b,11,0.11998607937171121,0.14285714285714285,0.008420104755329607,60,5,no abstraction,gpt1,domain2,test1,json,out4,-0.013451136487225646,-inf,0.033614776725215526,56
576,map_9x9_7e16f28f8b,deepseek-r1:14b,0,0.04122119870100226,0.054945054945054944,0.003837024922090234,20,9,no abstraction,role1,necessary-domain2,domain2,text,out2,0.0,0.0,1.5614942337073214e-05,56
577,map_9x9_7e16f28f8b,deepseek-r1:14b,1,0.041277394358634506,0.04823151125401929,0.002819183113872755,20,9,no abstraction,role1,necessary-domain2,domain2,json,out2,-4.614231487114286e-06,0.5,8.83941760375357e-06,56
578,map_9x9_7e16f28f8b,deepseek-r1:14b,2,0.04333230806193126,0.07407407407407407,0.00786447199392783,20,9,no abstraction,role1,necessary-domain1,test3,text,out1,-2.0849975269464277e-06,inf,0.0,56
579,map_9x9_7e16f28f8b,deepseek-r1:14b,3,0.040689401304602135,0.045454545454545456,0.0018068814145501043,20,9,no abstraction,role1,necessary-domain1,test3,json,out1,0.0,0.0,1.4656970632216071e-05,56
580,map_9x9_7e16f28f8b,deepseek-r1:14b,4,0.08921514371974441,1.0,0.21438935915628238,20,9,no abstraction,relation1,necessary-domain2,test3,text,out2,2.008547829020357e-05,inf,-1.4656970632216073e-05,56
581,map_9x9_7e16f28f8b,deepseek-r1:14b,5,0.055699559725106484,0.25,0.04853104108980571,20,9,no abstraction,relation1,necessary-domain2,test3,json,out2,1.4656970632216071e-05,inf,-7.456215098498214e-06,56
582,map_9x9_7e16f28f8b,deepseek-r1:14b,6,0.09105782026658947,1.0,0.21403685684612078,20,9,no abstraction,relation2,necessary-domain2,performance3,text,out2,0.0,0.0,4.614231487114286e-06,56
583,map_9x9_7e16f28f8b,deepseek-r1:14b,7,0.04010457701495832,0.04519774011299435,0.0018594261761106956,20,9,no abstraction,relation2,necessary-domain2,performance3,json,out2,-4.614231487114286e-06,0.2,2.185772616593393e-05,56
584,map_9x9_7e16f28f8b,deepseek-r1:14b,8,0.10851366720156819,1.0,0.21507704344106876,20,9,no abstraction,role3,necessary-domain1,domain3,text,out2,2.9202177233635712e-05,inf,-1.5359482772292856e-05,56
585,map_9x9_7e16f28f8b,deepseek-r1:14b,9,0.09088823859356877,1.0,0.2140475721156792,20,9,no abstraction,role3,necessary-domain1,domain3,json,out2,0.0,inf,7.200755533717857e-06,56
586,map_9x9_7e16f28f8b,deepseek-r1:14b,10,0.04406500823762925,0.08333333333333333,0.009545732681034362,60,9,no abstraction,gpt1,domain2,test1,text,out4,1.4656970632216073e-05,inf,5.428507657987501e-06,56
587,map_9x9_7e16f28f8b,deepseek-r1:14b,11,0.04638077127986532,0.09523809523809523,0.011754285429534998,60,9,no abstraction,gpt1,domain2,test1,json,out4,1.2772958725689285e-05,inf,-6.386479362844643e-06,56
588,map_9x9_7e16f28f8b,deepseek-r1:32b,0,0.04223081740254176,0.05,0.003765722265769059,20,9,no abstraction,role1,necessary-domain2,domain2,text,out2,-1.0042739145101785e-05,0.4,1.7556244330035712e-05,56
589,map_9x9_7e16f28f8b,deepseek-r1:32b,1,0.04246353475794072,0.04914004914004914,0.00302932698777178,20,9,no abstraction,role1,necessary-domain2,domain2,json,out2,0.0,0.0,5.428507657987501e-06,56
590,map_9x9_7e16f28f8b,deepseek-r1:32b,2,0.07013349499695733,0.2222222222222222,0.04846462394322578,20,9,no abstraction,role1,necessary-domain1,test3,text,out1,-5.428507657987501e-06,0.2,2.2984751988023214e-05,56
591,map_9x9_7e16f28f8b,deepseek-r1:32b,3,0.04973168417714198,0.16666666666666666,0.027913769485732584,20,9,no abstraction,role1,necessary-domain1,test3,json,out1,-4.614231487114286e-06,0.2,2.678470730426607e-05,56
592,map_9x9_7e16f28f8b,deepseek-r1:32b,4,0.11147242201798066,1.0,0.21363665778208565,20,9,no abstraction,relation1,necessary-domain2,test3,text,out2,0.0,,0.0,56
593,map_9x9_7e16f28f8b,deepseek-r1:32b,5,0.046795304275525244,0.07692307692307693,0.009306975322152458,20,9,no abstraction,relation1,necessary-domain2,test3,json,out2,9.228462974228572e-06,inf,5.428507657987501e-06,56
594,map_9x9_7e16f28f8b,deepseek-r1:32b,6,0.0641759394799702,0.4,0.08177097214073246,20,9,no abstraction,relation2,necessary-domain2,performance3,text,out2,0.0,0.0,1.1000710849958928e-05,56
595,map_9x9_7e16f28f8b,deepseek-r1:32b,7,0.09239816373098236,1.0,0.213859227450955,20,9,no abstraction,relation2,necessary-domain2,performance3,json,out2,3.300213254987857e-05,inf,-9.505744313908928e-06,56
596,map_9x9_7e16f28f8b,deepseek-r1:32b,8,0.0432462592743493,0.06896551724137931,0.006705423761676965,20,9,no abstraction,role3,necessary-domain1,domain3,text,out2,0.0,0.0,1.0857015315975001e-05,56
597,map_9x9_7e16f28f8b,deepseek-r1:32b,9,0.045323396546805304,0.09523809523809523,0.012140610996616725,20,9,no abstraction,role3,necessary-domain1,domain3,json,out2,1.1000710849958928e-05,inf,-1.1000710849958928e-05,56
598,map_9x9_7e16f28f8b,deepseek-r1:32b,10,0.07825922489202132,0.5,0.10766110318192672,60,9,no abstraction,gpt1,domain2,test1,text,out4,4.614231487114286e-06,inf,6.386479362844643e-06,56
599,map_9x9_7e16f28f8b,deepseek-r1:32b,11,0.046883338690695144,0.057971014492753624,0.004858567542559057,60,9,no abstraction,gpt1,domain2,test1,json,out4,1.915943808853393e-05,inf,7.168824030530359e-06,56
600,map_9x9_7e16f28f8b,deepseek-r1:70b,0,0.04648003805958116,0.09090909090909091,0.015225823793275856,20,9,no abstraction,role1,necessary-domain2,domain2,text,out2,0.0,0.0,9.228462974228572e-06,56
601,map_9x9_7e16f28f8b,deepseek-r1:70b,1,0.043644520963216436,0.05073649754500818,0.0026727421960256186,20,9,no abstraction,role1,necessary-domain2,domain2,json,out2,0.0,,0.0,56
602,map_9x9_7e16f28f8b,deepseek-r1:70b,2,0.043803997863743185,0.05263157894736842,0.0034420341418321346,20,9,no abstraction,role1,necessary-domain1,test3,text,out1,0.0,0.0,1.9328492205766073e-05,56
603,map_9x9_7e16f28f8b,deepseek-r1:70b,3,0.04273606630917694,0.052238805970149245,0.003791219131379053,20,9,no abstraction,role1,necessary-domain1,test3,json,out1,0.0,0.0,1.642921850794643e-05,56
604,map_9x9_7e16f28f8b,deepseek-r1:70b,4,0.04563281616300854,0.09523809523809523,0.015123006842525433,20,9,no abstraction,relation1,necessary-domain2,test3,text,out2,-6.386479362844643e-06,0.2,2.3128447522007143e-05,56
605,map_9x9_7e16f28f8b,deepseek-r1:70b,5,0.04335325019650665,0.058823529411764705,0.005130337259378991,20,9,no abstraction,relation1,necessary-domain2,test3,json,out2,0.0,0.0,3.012821743530536e-05,56
606,map_9x9_7e16f28f8b,deepseek-r1:70b,6,0.04114575760019369,0.04545454545454545,0.0019270497235304457,20,9,no abstraction,relation2,necessary-domain2,performance3,text,out2,0.0,0.0,2.379902815889643e-05,56
607,map_9x9_7e16f28f8b,deepseek-r1:70b,7,0.04256954341643459,0.07692307692307693,0.008742719208393417,20,9,no abstraction,relation2,necessary-domain2,performance3,json,out2,0.0,0.0,6.386479362844643e-06,56
608,map_9x9_7e16f28f8b,deepseek-r1:70b,8,0.044225479384549536,0.05617021276595744,0.005468420321316118,20,9,no abstraction,role3,necessary-domain1,domain3,text,out2,0.0,0.0,2.8244205528778573e-05,56
609,map_9x9_7e16f28f8b,deepseek-r1:70b,9,0.046432147977880964,0.08074534161490685,0.009880046565126303,20,9,no abstraction,role3,necessary-domain1,domain3,json,out2,7.513505184933928e-06,inf,-6.699229014060713e-06,56
610,map_9x9_7e16f28f8b,deepseek-r1:70b,10,0.04817727485988402,0.09090909090909091,0.011475403320158168,60,9,no abstraction,gpt1,domain2,test1,text,out4,1.0042739145101785e-05,inf,4.614231487114286e-06,56
611,map_9x9_7e16f28f8b,deepseek-r1:70b,11,0.044301481745789725,0.07317073170731708,0.007411449151373903,60,9,no abstraction,gpt1,domain2,test1,json,out4,-7.513505184933928e-06,0.8638376329198532,1.3842694461342858e-05,56
612,map_9x9_7e16f28f8b,deepseek-r1:7b,0,0.05165205023320872,0.2222222222222222,0.04024318744601929,20,9,no abstraction,role1,necessary-domain2,domain2,text,out2,0.0,0.0,1.5614942337073214e-05,56
613,map_9x9_7e16f28f8b,deepseek-r1:7b,1,0.04200512237374839,0.049212598425196846,0.002760288657516077,20,9,no abstraction,role1,necessary-domain2,domain2,json,out2,0.0,0.0,1.5614942337073214e-05,56
614,map_9x9_7e16f28f8b,deepseek-r1:7b,2,0.058917452630479816,0.25,0.048678618770924234,20,9,no abstraction,role1,necessary-domain1,test3,text,out1,1.8456925948457144e-05,inf,6.300073915296428e-06,56
615,map_9x9_7e16f28f8b,deepseek-r1:7b,3,0.04644816381747476,0.1319796954314721,0.02034109438628516,20,9,no abstraction,role1,necessary-domain1,test3,json,out1,7.513505184933928e-06,inf,1.1757696934396429e-05,56
616,map_9x9_7e16f28f8b,deepseek-r1:7b,4,0.04459222982892104,0.09090909090909091,0.011169517684198313,20,9,no abstraction,relation1,necessary-domain2,test3,text,out2,0.0,0.0,1.5471246803089286e-05,56
617,map_9x9_7e16f28f8b,deepseek-r1:7b,5,0.04155614726180732,0.046969696969696974,0.0022793266707615287,20,9,no abstraction,relation1,necessary-domain2,test3,json,out2,0.0,0.0,1.8514216034892855e-05,56
618,map_9x9_7e16f28f8b,deepseek-r1:7b,6,0.04401507131692809,0.053388090349075976,0.0034331935880777694,20,9,no abstraction,relation2,necessary-domain2,performance3,text,out2,-4.614231487114286e-06,0.5,4.614231487114286e-06,56
619,map_9x9_7e16f28f8b,deepseek-r1:7b,7,0.04318488134412453,0.050374404356705246,0.0032215829213112055,20,9,no abstraction,relation2,necessary-domain2,performance3,json,out2,0.0,0.0,4.614231487114286e-06,56
620,map_9x9_7e16f28f8b,deepseek-r1:7b,8,0.05127919912554142,0.1,0.016023861555518062,20,9,no abstraction,role3,necessary-domain1,domain3,text,out2,2.5657681482175e-05,inf,-2.1043449995060716e-05,56
621,map_9x9_7e16f28f8b,deepseek-r1:7b,9,0.0676386166184355,0.25,0.05371692968597755,20,9,no abstraction,role3,necessary-domain1,domain3,json,out2,0.0,0.0,5.428507657987501e-06,56
622,map_9x9_7e16f28f8b,deepseek-r1:7b,10,0.047010037546818935,0.12380952380952381,0.018074455329570527,60,9,no abstraction,gpt1,domain2,test1,text,out4,0.0,0.0,4.614231487114286e-06,56
623,map_9x9_7e16f28f8b,deepseek-r1:7b,11,0.05080074343573855,0.1319796954314721,0.024177751458288467,60,9,no abstraction,gpt1,domain2,test1,json,out4,5.428507657987501e-06,inf,0.0,56
624,map_9x9_7e16f28f8b,deepseek-r1:8b,0,0.04212275287987144,0.049481245011971264,0.002930547601178405,20,9,no abstraction,role1,necessary-domain2,domain2,text,out2,0.0,0.0,2.6471957653048215e-05,56
625,map_9x9_7e16f28f8b,deepseek-r1:8b,1,0.04279033162759928,0.05128205128205128,0.003252140659584792,20,9,no abstraction,role1,necessary-domain2,domain2,json,out2,0.0,0.0,1.0042739145101785e-05,56
626,map_9x9_7e16f28f8b,deepseek-r1:8b,2,0.04583859451894625,0.08333333333333333,0.009861921316714272,20,9,no abstraction,role1,necessary-domain1,test3,text,out1,-7.513505184933928e-06,0.25,1.915943808853393e-05,56
627,map_9x9_7e16f28f8b,deepseek-r1:8b,3,0.05031185340937183,0.10126582278481013,0.01854375080500851,20,9,no abstraction,role1,necessary-domain1,test3,json,out1,0.0,0.0,4.614231487114286e-06,56
628,map_9x9_7e16f28f8b,deepseek-r1:8b,4,0.04544847327281403,0.05641025641025641,0.004837039057376345,20,9,no abstraction,relation1,necessary-domain2,test3,text,out2,0.0,0.0,2.6784707304264284e-05,56
629,map_9x9_7e16f28f8b,deepseek-r1:8b,5,0.04310347197350472,0.0625,0.005601577647316711,20,9,no abstraction,relation1,necessary-domain2,test3,json,out2,0.0,0.0,2.7286233823921426e-05,56
630,map_9x9_7e16f28f8b,deepseek-r1:8b,6,0.05112168395219524,0.1111111111111111,0.02025993387373253,20,9,no abstraction,relation2,necessary-domain2,performance3,text,out2,0.0,0.0,9.228462974228572e-06,56
631,map_9x9_7e16f28f8b,deepseek-r1:8b,7,0.04555353211957629,0.1319796954314721,0.0204449191615255,20,9,no abstraction,relation2,necessary-domain2,performance3,json,out2,3.896763503905893e-05,inf,-3.435340355194465e-05,56
632,map_9x9_7e16f28f8b,deepseek-r1:8b,8,0.042987005147333494,0.05120248254460822,0.0035596002073242077,20,9,no abstraction,role3,necessary-domain1,domain3,text,out2,0.0,0.0,2.6471957653048215e-05,56
633,map_9x9_7e16f28f8b,deepseek-r1:8b,9,0.04732773455674225,0.1319796954314721,0.02014749415971769,20,9,no abstraction,role3,necessary-domain1,domain3,json,out2,5.572203191971428e-06,inf,-1.1000710849958928e-05,56
634,map_9x9_7e16f28f8b,deepseek-r1:8b,10,0.043337119111159325,0.06382978723404256,0.005469318267321997,60,9,no abstraction,gpt1,domain2,test1,text,out4,2.899273697819642e-06,inf,9.873685027869643e-06,56
635,map_9x9_7e16f28f8b,deepseek-r1:8b,11,0.0493347545995904,0.11659192825112108,0.020983729827350552,60,9,no abstraction,gpt1,domain2,test1,json,out4,8.142761708732145e-07,inf,0.0,56
636,map_9x9_7e16f28f8b,llama3.1:70b,0,0.045840603833669044,0.08695652173913043,0.012329955049511744,20,9,no abstraction,role1,necessary-domain2,domain2,text,out2,3.0128217435305357e-05,inf,-2.008547829020357e-05,56
637,map_9x9_7e16f28f8b,llama3.1:70b,1,0.04222125799713256,0.049429657794676805,0.0031114746628039874,20,9,no abstraction,role1,necessary-domain2,domain2,json,out2,-1.738719021280357e-05,0.6,1.0042739145101785e-05,56
638,map_9x9_7e16f28f8b,llama3.1:70b,2,0.0419150471206428,0.05,0.0025916751260329045,20,9,no abstraction,role1,necessary-domain1,test3,text,out1,0.0,0.0,2.6615653187032144e-05,56
639,map_9x9_7e16f28f8b,llama3.1:70b,3,0.04263787130292451,0.05904059040590406,0.0043632930246644665,20,9,no abstraction,role1,necessary-domain1,test3,json,out1,0.0,0.0,1.642921850794643e-05,56
640,map_9x9_7e16f28f8b,llama3.1:70b,4,0.04474142697442014,0.07692307692307693,0.009134700897707375,20,9,no abstraction,relation1,necessary-domain2,test3,text,out2,0.0,0.0,1.0042739145101785e-05,56
641,map_9x9_7e16f28f8b,llama3.1:70b,5,0.045254766930431775,0.06389776357827476,0.006869783080701142,20,9,no abstraction,relation1,necessary-domain2,test3,json,out2,7.699840302977321e-05,inf,-6.234143239755715e-05,56
642,map_9x9_7e16f28f8b,llama3.1:70b,6,0.0443194357505416,0.05714285714285714,0.0038107671007214287,20,9,no abstraction,relation2,necessary-domain2,performance3,text,out2,-1.0042739145101785e-05,0.4,1.5614942337073214e-05,56
643,map_9x9_7e16f28f8b,llama3.1:70b,7,0.04855564583865735,0.125,0.019158195875563794,20,9,no abstraction,relation2,necessary-domain2,performance3,json,out2,-5.428507657987501e-06,0.3333333333333333,1.4656970632216071e-05,56
644,map_9x9_7e16f28f8b,llama3.1:70b,8,0.04157563762653897,0.04421768707482994,0.0016859320438209946,20,9,no abstraction,role3,necessary-domain1,domain3,text,out2,0.0,,0.0,56
645,map_9x9_7e16f28f8b,llama3.1:70b,9,0.04178845516457942,0.04511278195488722,0.0013759269351658859,20,9,no abstraction,role3,necessary-domain1,domain3,json,out2,-6.386479362844643e-06,0.25,2.0654404624585715e-05,56
646,map_9x9_7e16f28f8b,llama3.1:70b,10,0.041379727643770535,0.04430379746835444,0.0013631391413285589,60,9,no abstraction,gpt1,domain2,test1,text,out4,0.0,0.0,3.7785418154223214e-05,56
647,map_9x9_7e16f28f8b,llama3.1:70b,11,0.04446292998965196,0.09523809523809523,0.012226859601620068,60,9,no abstraction,gpt1,domain2,test1,json,out4,0.0,0.0,1.5614942337073214e-05,56
648,map_9x9_7e16f28f8b,llama3.1:8b,0,0.04343635837767046,0.05714285714285714,0.004496980000063637,20,9,no abstraction,role1,necessary-domain2,domain2,text,out2,0.0,0.0,1.642921850794643e-05,56
649,map_9x9_7e16f28f8b,llama3.1:8b,1,0.045285221509628666,0.05555555555555555,0.003566510133326572,20,9,no abstraction,role1,necessary-domain2,domain2,json,out2,0.0,0.0,1.2127736672048215e-05,56
650,map_9x9_7e16f28f8b,llama3.1:8b,2,0.11561791065785879,0.6666666666666666,0.18944136424936223,20,9,no abstraction,role1,necessary-domain1,test3,text,out1,2.008547829020357e-05,inf,-1.4656970632216073e-05,56
651,map_9x9_7e16f28f8b,llama3.1:8b,3,0.04595185440703192,0.061349693251533756,0.005952437602450737,20,9,no abstraction,role1,necessary-domain1,test3,json,out1,0.0,0.0,9.228462974228572e-06,56
652,map_9x9_7e16f28f8b,llama3.1:8b,4,0.04519374717415397,0.05555555555555555,0.003850045037342181,20,9,no abstraction,relation1,necessary-domain2,test3,text,out2,0.0,0.0,1.0042739145101785e-05,56
653,map_9x9_7e16f28f8b,llama3.1:8b,5,0.05568268904884925,0.1319796954314721,0.02910900375882047,20,9,no abstraction,relation1,necessary-domain2,test3,json,out2,2.3885433606446426e-05,inf,-2.8499665093560713e-05,56
654,map_9x9_7e16f28f8b,llama3.1:8b,6,0.04259959849695944,0.04735883424408015,0.0024247743999605198,20,9,no abstraction,relation2,necessary-domain2,performance3,text,out2,0.0,0.0,9.228462974228572e-06,56
655,map_9x9_7e16f28f8b,llama3.1:8b,7,0.04226432151002714,0.047619047619047616,0.0025205097423052236,20,9,no abstraction,relation2,necessary-domain2,performance3,json,out2,0.0,0.0,9.228462974228572e-06,56
656,map_9x9_7e16f28f8b,llama3.1:8b,8,0.06238220982887044,0.2857142857142857,0.05480728483168442,20,9,no abstraction,role3,necessary-domain1,domain3,text,out2,0.0,0.0,1.7243494678819643e-05,56
657,map_9x9_7e16f28f8b,llama3.1:8b,9,0.04441819526956488,0.08,0.008705115099818512,20,9,no abstraction,role3,necessary-domain1,domain3,json,out2,0.0,0.0,1.738719021280357e-05,56
658,map_9x9_7e16f28f8b,llama3.1:8b,10,0.04525684333614476,0.07142857142857142,0.009490271641534176,60,9,no abstraction,gpt1,domain2,test1,text,out4,0.0,0.0,2.445435994082678e-05,56
659,map_9x9_7e16f28f8b,llama3.1:8b,11,0.04524681343055006,0.07142857142857142,0.007871642462146845,60,9,no abstraction,gpt1,domain2,test1,json,out4,0.0,0.0,4.614231487114286e-06,56
660,map_9x9_7e16f28f8b,llama3.3:70b,0,0.04170140766998379,0.046511627906976744,0.004466167641228914,20,9,no abstraction,role1,necessary-domain2,domain2,text,out2,0.0,0.0,6.386479362844643e-06,56
661,map_9x9_7e16f28f8b,llama3.3:70b,1,0.04054465687863683,0.049429657794676805,0.0028709748656667606,20,9,no abstraction,role1,necessary-domain2,domain2,json,out2,-5.428507657987501e-06,1.3333332970228198,2.9313941264433928e-05,56
662,map_9x9_7e16f28f8b,llama3.3:70b,2,0.03915822044904537,0.04152249134948097,0.0009964217853826972,20,9,no abstraction,role1,necessary-domain1,test3,text,out1,-4.614231487114286e-06,-inf,2.0899754461076788e-05,56
663,map_9x9_7e16f28f8b,llama3.3:70b,3,0.03967746177947124,0.05714285714285714,0.00426854720206127,20,9,no abstraction,role1,necessary-domain1,test3,json,out1,0.0,,0.0,56
664,map_9x9_7e16f28f8b,llama3.3:70b,4,0.0400299430972936,0.04819277108433735,0.0025495157616357285,20,9,no abstraction,relation1,necessary-domain2,test3,text,out2,0.0,0.0,2.5657681482175e-05,56
665,map_9x9_7e16f28f8b,llama3.3:70b,5,0.03992104611168955,0.05263157894736842,0.003886410232637105,20,9,no abstraction,relation1,necessary-domain2,test3,json,out2,-5.428507657987501e-06,0.2,2.2672002336807145e-05,56
666,map_9x9_7e16f28f8b,llama3.3:70b,6,0.04127391368924067,0.045174537987679675,0.0015230863728126472,20,9,no abstraction,relation2,necessary-domain2,performance3,text,out2,-5.428507657987501e-06,0.3333333333333333,1.2127736672048215e-05,56
667,map_9x9_7e16f28f8b,llama3.3:70b,7,0.03823116864536939,0.04043545878693624,0.0007052207271895674,20,9,no abstraction,relation2,necessary-domain2,performance3,json,out2,0.0,,0.0,56
668,map_9x9_7e16f28f8b,llama3.3:70b,8,0.04021505095124729,0.04081632653061224,0.000657898013970579,20,9,no abstraction,role3,necessary-domain1,domain3,text,out2,0.0,0.0,1.738719021280357e-05,56
669,map_9x9_7e16f28f8b,llama3.3:70b,9,0.03965864635379959,0.044673539518900345,0.002254715190835468,20,9,no abstraction,role3,necessary-domain1,domain3,json,out2,0.0,0.0,1.642921850794643e-05,56
670,map_9x9_7e16f28f8b,llama3.3:70b,10,0.04064051251924924,0.04215456674473068,0.0007850163905202613,60,9,no abstraction,gpt1,domain2,test1,text,out4,-5.428507657987501e-06,0.25,1.3842694461342858e-05,56
671,map_9x9_7e16f28f8b,llama3.3:70b,11,0.0402591128003941,0.04157043879907621,0.001044724943864891,60,9,no abstraction,gpt1,domain2,test1,json,out4,-5.428507657987501e-06,0.3333333333333333,1.0042739145101785e-05,56
672,map_9x9_95478b4b20,deepseek-r1:14b,0,0.06962513610794757,0.0766016713091922,0.0030365718543414384,20,9,perfect abstraction,role1,necessary-domain2,domain2,text,out2,-7.513505184933928e-06,1.0,0.0,56
673,map_9x9_95478b4b20,deepseek-r1:14b,1,0.08303233373979926,0.25925925925925924,0.04191775482934066,20,9,perfect abstraction,role1,necessary-domain2,domain2,json,out2,-4.614231487114286e-06,1.0,0.0,56
674,map_9x9_95478b4b20,deepseek-r1:14b,2,0.08708874592941691,0.15841584158415842,0.024988807233298816,20,9,perfect abstraction,role1,necessary-domain1,test3,text,out1,0.0,0.0,1.7243494678819643e-05,56
675,map_9x9_95478b4b20,deepseek-r1:14b,3,0.08128842296532289,0.11428571428571428,0.01192620031620852,20,9,perfect abstraction,role1,necessary-domain1,test3,json,out1,-1.0042739145101785e-05,0.4,1.5471246803089286e-05,56
676,map_9x9_95478b4b20,deepseek-r1:14b,4,0.07621143142987255,0.10509031198686371,0.010232906025840902,20,9,perfect abstraction,relation1,necessary-domain2,test3,text,out2,0.0,0.0,1.0042739145101785e-05,56
677,map_9x9_95478b4b20,deepseek-r1:14b,5,0.0909431063530431,0.18181818181818182,0.032787839948739524,20,9,perfect abstraction,relation1,necessary-domain2,test3,json,out2,0.0,0.0,2.3496388235969645e-05,56
678,map_9x9_95478b4b20,deepseek-r1:14b,6,0.07439288336440313,0.09183673469387754,0.007939842057090609,20,9,perfect abstraction,relation2,necessary-domain2,performance3,text,out2,0.0,0.0,1.642921850794643e-05,56
679,map_9x9_95478b4b20,deepseek-r1:14b,7,0.0744716955948226,0.10480349344978167,0.00840219423186942,20,9,perfect abstraction,relation2,necessary-domain2,performance3,json,out2,0.0,0.0,7.513505184933928e-06,56
680,map_9x9_95478b4b20,deepseek-r1:14b,8,0.08297340200351891,0.20454545454545453,0.030582688810759453,20,9,perfect abstraction,role3,necessary-domain1,domain3,text,out2,0.0,0.0,1.642921850794643e-05,56
681,map_9x9_95478b4b20,deepseek-r1:14b,9,0.07504607546285111,0.10280373831775702,0.009647340343757157,20,9,perfect abstraction,role3,necessary-domain1,domain3,json,out2,0.0,,0.0,56
682,map_9x9_95478b4b20,deepseek-r1:14b,10,0.08596009752039384,0.2857142857142857,0.046772308254386545,60,9,perfect abstraction,gpt1,domain2,test1,text,out4,3.139893879137857e-05,inf,-2.6784707304264284e-05,56
683,map_9x9_95478b4b20,deepseek-r1:14b,11,0.08191609864709905,0.12627291242362526,0.014454028228266991,60,9,perfect abstraction,gpt1,domain2,test1,json,out4,-4.614231487114286e-06,-0.5305042995865198,1.8514216034892855e-05,56
684,map_9x9_95478b4b20,deepseek-r1:32b,0,0.07906194244406778,0.19148936170212766,0.027288056911335002,20,9,perfect abstraction,role1,necessary-domain2,domain2,text,out2,-1.0042739145101785e-05,0.6666666666666666,6.386479362844643e-06,56
685,map_9x9_95478b4b20,deepseek-r1:32b,1,0.08128342658099666,0.14545454545454545,0.018310241060265405,20,9,perfect abstraction,role1,necessary-domain2,domain2,json,out2,2.632826211906429e-05,inf,-1.7099799144835714e-05,56
686,map_9x9_95478b4b20,deepseek-r1:32b,2,0.09102067958632808,0.17647058823529413,0.025444204520371577,20,9,perfect abstraction,role1,necessary-domain1,test3,text,out1,-1.5614942337073214e-05,1.1207207806879413,1.3842694461342858e-05,56
687,map_9x9_95478b4b20,deepseek-r1:32b,3,0.08730459652266438,0.16666666666666666,0.02005552562365488,20,9,perfect abstraction,role1,necessary-domain1,test3,json,out1,-5.428507657987501e-06,0.25,1.642921850794643e-05,56
688,map_9x9_95478b4b20,deepseek-r1:32b,4,0.0872390597116488,0.15384615384615385,0.01883580682859058,20,9,perfect abstraction,relation1,necessary-domain2,test3,text,out2,0.0,,0.0,56
689,map_9x9_95478b4b20,deepseek-r1:32b,5,0.08110698774511746,0.13333333333333333,0.013782218278590445,20,9,perfect abstraction,relation1,necessary-domain2,test3,json,out2,-4.614231487114286e-06,1.0,0.0,56
690,map_9x9_95478b4b20,deepseek-r1:32b,6,0.08180199201791409,0.14285714285714285,0.017061607951785678,20,9,perfect abstraction,relation2,necessary-domain2,performance3,text,out2,-4.614231487114286e-06,0.3333333333333333,1.3899984547778572e-05,56
691,map_9x9_95478b4b20,deepseek-r1:32b,7,0.10073967249435538,0.4,0.0719079050686227,20,9,perfect abstraction,relation2,necessary-domain2,performance3,json,out2,0.0,0.0,1.3453649090867857e-05,56
692,map_9x9_95478b4b20,deepseek-r1:32b,8,0.09529853258643324,0.2857142857142857,0.05394282880438098,20,9,perfect abstraction,role3,necessary-domain1,domain3,text,out2,0.0,0.0,4.614231487114286e-06,56
693,map_9x9_95478b4b20,deepseek-r1:32b,9,0.07181787708969939,0.08791208791208792,0.005150536334130066,20,9,perfect abstraction,role3,necessary-domain1,domain3,json,out2,0.0,0.0,8.83941760375357e-06,56
694,map_9x9_95478b4b20,deepseek-r1:32b,10,0.0906339714754125,0.17391304347826086,0.0254961502111406,60,9,perfect abstraction,gpt1,domain2,test1,text,out4,0.0,0.0,4.614231487114286e-06,56
695,map_9x9_95478b4b20,deepseek-r1:32b,11,0.09046454254604432,0.16,0.021385564869751423,60,9,perfect abstraction,gpt1,domain2,test1,json,out4,0.0,0.0,1.642921850794643e-05,56
696,map_9x9_95478b4b20,deepseek-r1:70b,0,0.07320813186725954,0.0948905109489051,0.008131005433567018,20,9,perfect abstraction,role1,necessary-domain2,domain2,text,out2,0.0,0.0,4.614231487114286e-06,56
697,map_9x9_95478b4b20,deepseek-r1:70b,1,0.09202865553644338,0.25,0.03978062851107847,20,9,perfect abstraction,role1,necessary-domain2,domain2,json,out2,-4.614231487114286e-06,0.5,4.614231487114286e-06,56
698,map_9x9_95478b4b20,deepseek-r1:70b,2,0.09492439901015295,0.21176470588235294,0.03584792826866213,20,9,perfect abstraction,role1,necessary-domain1,test3,text,out1,-4.614231487114286e-06,0.5,6.386479362844643e-06,56
699,map_9x9_95478b4b20,deepseek-r1:70b,3,0.09394472709088823,0.21052631578947367,0.03329358045756186,20,9,perfect abstraction,role1,necessary-domain1,test3,json,out1,-4.614231487114286e-06,0.5,4.614231487114286e-06,56
700,map_9x9_95478b4b20,deepseek-r1:70b,4,0.08401305247870436,0.12903225806451613,0.01557126286823501,20,9,perfect abstraction,relation1,necessary-domain2,test3,text,out2,1.4656970632216073e-05,inf,-5.428507657987501e-06,56
701,map_9x9_95478b4b20,deepseek-r1:70b,5,0.08296372910544195,0.12932330827067667,0.014793911368430432,20,9,perfect abstraction,relation1,necessary-domain2,test3,json,out2,0.0,,0.0,56
702,map_9x9_95478b4b20,deepseek-r1:70b,6,0.08319092258204233,0.14285714285714285,0.017112590884561033,20,9,perfect abstraction,relation2,necessary-domain2,performance3,text,out2,-6.386479362844643e-06,0.2,2.02291738241875e-05,56
703,map_9x9_95478b4b20,deepseek-r1:70b,7,0.0730890561477612,0.09026548672566372,0.006498885702982151,20,9,perfect abstraction,relation2,necessary-domain2,performance3,json,out2,-5.428507657987501e-06,0.5,5.428507657987501e-06,56
704,map_9x9_95478b4b20,deepseek-r1:70b,8,0.0721238732782714,0.08273667462211615,0.004879474402537546,20,9,perfect abstraction,role3,necessary-domain1,domain3,text,out2,-6.386479362844643e-06,0.5,9.228462974230356e-06,56
705,map_9x9_95478b4b20,deepseek-r1:70b,9,0.07739916131239817,0.09885931558935361,0.00871293235910356,20,9,perfect abstraction,role3,necessary-domain1,domain3,json,out2,0.0,0.0,4.614231487114286e-06,56
706,map_9x9_95478b4b20,deepseek-r1:70b,10,0.0769373001557577,0.10115606936416184,0.01011015383134347,60,9,perfect abstraction,gpt1,domain2,test1,text,out4,0.0,,0.0,56
707,map_9x9_95478b4b20,deepseek-r1:70b,11,0.0769080606361992,0.1111111111111111,0.011106714089498192,60,9,perfect abstraction,gpt1,domain2,test1,json,out4,-5.428507657987501e-06,0.25,1.62855229739625e-05,56
708,map_9x9_95478b4b20,deepseek-r1:7b,0,0.09942830682118194,0.36363636363636365,0.06425333154117925,20,9,perfect abstraction,role1,necessary-domain2,domain2,text,out2,0.0,0.0,2.185772616593393e-05,56
709,map_9x9_95478b4b20,deepseek-r1:7b,1,0.08167651310792759,0.11764705882352941,0.014541193652105577,20,9,perfect abstraction,role1,necessary-domain2,domain2,json,out2,0.0,0.0,6.386479362844643e-06,56
710,map_9x9_95478b4b20,deepseek-r1:7b,2,0.09346834035730991,0.2222222222222222,0.0360402505298283,20,9,perfect abstraction,role1,necessary-domain1,test3,text,out1,1.0857015315975001e-05,inf,1.4369553398392802e-07,56
711,map_9x9_95478b4b20,deepseek-r1:7b,3,0.09223398917509008,0.4,0.07435317680617057,20,9,perfect abstraction,role1,necessary-domain1,test3,json,out1,-5.428507657987501e-06,0.5,5.428507657987501e-06,56
712,map_9x9_95478b4b20,deepseek-r1:7b,4,0.10017723549829463,0.3142857142857143,0.057986291156036596,20,9,perfect abstraction,relation1,necessary-domain2,test3,text,out2,0.0,0.0,1.5614942337073214e-05,56
713,map_9x9_95478b4b20,deepseek-r1:7b,5,0.08196784217930186,0.14285714285714285,0.017976739198128186,20,9,perfect abstraction,relation1,necessary-domain2,test3,json,out2,0.0,0.0,6.386479362844643e-06,56
714,map_9x9_95478b4b20,deepseek-r1:7b,6,0.08103663598327261,0.10256410256410256,0.009224312517286448,20,9,perfect abstraction,relation2,necessary-domain2,performance3,text,out2,-5.428507657987501e-06,0.25,2.3629974041664285e-05,56
715,map_9x9_95478b4b20,deepseek-r1:7b,7,0.07817563376902639,0.09523809523809523,0.008861025242847953,20,9,perfect abstraction,relation2,necessary-domain2,performance3,json,out2,0.0,0.0,4.614231487114286e-06,56
716,map_9x9_95478b4b20,deepseek-r1:7b,8,0.09370443966696043,0.14814814814814814,0.022389059221397126,20,9,perfect abstraction,role3,necessary-domain1,domain3,text,out2,0.0,0.0,1.2772958725689285e-05,56
717,map_9x9_95478b4b20,deepseek-r1:7b,9,0.08990682216876147,0.36363636363636365,0.06462328162075591,20,9,perfect abstraction,role3,necessary-domain1,domain3,json,out2,0.0,0.0,1.7556244330035712e-05,56
718,map_9x9_95478b4b20,deepseek-r1:7b,10,0.09211844204647601,0.3333333333333333,0.05638937932876977,60,9,perfect abstraction,gpt1,domain2,test1,text,out4,0.0,0.0,1.4656970632216073e-05,56
719,map_9x9_95478b4b20,deepseek-r1:7b,11,0.1057434300183112,0.4,0.07241639790559236,60,9,perfect abstraction,gpt1,domain2,test1,json,out4,-4.614231487114286e-06,0.5,4.614231487114286e-06,56
720,map_9x9_95478b4b20,deepseek-r1:8b,0,0.08275568154403878,0.14814814814814814,0.01813248569892918,20,9,perfect abstraction,role1,necessary-domain2,domain2,text,out2,0.0,0.0,5.428507657987501e-06,56
721,map_9x9_95478b4b20,deepseek-r1:8b,1,0.07979457787768593,0.10635538261997406,0.010437286901761114,20,9,perfect abstraction,role1,necessary-domain2,domain2,json,out2,0.0,0.0,4.614231487114286e-06,56
722,map_9x9_95478b4b20,deepseek-r1:8b,2,0.07702093596772067,0.09523809523809523,0.00909631922399617,20,9,perfect abstraction,role1,necessary-domain1,test3,text,out1,0.0,0.0,1.0857015315975001e-05,56
723,map_9x9_95478b4b20,deepseek-r1:8b,3,0.11242859153484408,0.4,0.09316618704770437,20,9,perfect abstraction,role1,necessary-domain1,test3,json,out1,-5.428507657987501e-06,1.0,0.0,56
724,map_9x9_95478b4b20,deepseek-r1:8b,4,0.09902693093124525,0.19047619047619047,0.037837887036056485,20,9,perfect abstraction,relation1,necessary-domain2,test3,text,out2,0.0,0.0,1.738719021280357e-05,56
725,map_9x9_95478b4b20,deepseek-r1:8b,5,0.08389244520196898,0.16666666666666666,0.021445422957801257,20,9,perfect abstraction,relation1,necessary-domain2,test3,json,out2,-9.228462974228572e-06,0.6666666666666666,5.428507657987501e-06,56
726,map_9x9_95478b4b20,deepseek-r1:8b,6,0.08447676496017177,0.1568627450980392,0.022243326307925193,20,9,perfect abstraction,relation2,necessary-domain2,performance3,text,out2,0.0,,0.0,56
727,map_9x9_95478b4b20,deepseek-r1:8b,7,0.09453812560345995,0.2222222222222222,0.04205601506413449,20,9,perfect abstraction,relation2,necessary-domain2,performance3,json,out2,0.0,0.0,7.513505184933928e-06,56
728,map_9x9_95478b4b20,deepseek-r1:8b,8,0.08836352936652878,0.27835051546391754,0.047335632225165604,20,9,perfect abstraction,role3,necessary-domain1,domain3,text,out2,-5.428507657987501e-06,0.5,7.513505184933928e-06,56
729,map_9x9_95478b4b20,deepseek-r1:8b,9,0.08192726363549234,0.0975609756097561,0.008436023958817832,20,9,perfect abstraction,role3,necessary-domain1,domain3,json,out2,0.0,,0.0,56
730,map_9x9_95478b4b20,deepseek-r1:8b,10,0.0829513267942201,0.125,0.014263096430533778,60,9,perfect abstraction,gpt1,domain2,test1,text,out4,0.0,,0.0,56
731,map_9x9_95478b4b20,deepseek-r1:8b,11,0.08469803903837032,0.1111111111111111,0.012059475173576618,60,9,perfect abstraction,gpt1,domain2,test1,json,out4,-4.614231487114286e-06,0.2,2.2815697870791074e-05,56
732,map_9x9_95478b4b20,llama3.1:70b,0,0.08752731535166385,0.125,0.016400919415780302,20,9,perfect abstraction,role1,necessary-domain2,domain2,text,out2,0.0,0.0,6.386479362844643e-06,56
733,map_9x9_95478b4b20,llama3.1:70b,1,0.09016166374199978,0.15384615384615385,0.02393403931543892,20,9,perfect abstraction,role1,necessary-domain2,domain2,json,out2,-5.428507657987501e-06,0.25,2.5513985948191072e-05,56
734,map_9x9_95478b4b20,llama3.1:70b,2,0.08348002493047613,0.125,0.017188752078459813,20,9,perfect abstraction,role1,necessary-domain1,test3,text,out1,-6.386479362844643e-06,0.3333333333333333,1.0042739145101785e-05,56
735,map_9x9_95478b4b20,llama3.1:70b,3,0.08197399194358873,0.12422360248447203,0.012109308811572815,20,9,perfect abstraction,role1,necessary-domain1,test3,json,out1,0.0,,0.0,56
736,map_9x9_95478b4b20,llama3.1:70b,4,0.08506019343395968,0.13333333333333333,0.017395804468879582,20,9,perfect abstraction,relation1,necessary-domain2,test3,text,out2,0.0,0.0,4.614231487114286e-06,56
737,map_9x9_95478b4b20,llama3.1:70b,5,0.08636215268252492,0.1111111111111111,0.011578509637232497,20,9,perfect abstraction,relation1,necessary-domain2,test3,json,out2,0.0,0.0,6.386479362844643e-06,56
738,map_9x9_95478b4b20,llama3.1:70b,6,0.10130107793714682,0.4,0.07156168755988243,20,9,perfect abstraction,relation2,necessary-domain2,performance3,text,out2,-6.386479362844643e-06,1.0,0.0,56
739,map_9x9_95478b4b20,llama3.1:70b,7,0.09640528304109089,0.11764705882352941,0.016793559309081024,20,9,perfect abstraction,relation2,necessary-domain2,performance3,json,out2,0.0,0.0,1.1000710849958928e-05,56
740,map_9x9_95478b4b20,llama3.1:70b,8,0.08894956472646623,0.13333333333333333,0.017213926093370968,20,9,perfect abstraction,role3,necessary-domain1,domain3,text,out2,-5.428507657987501e-06,1.0,0.0,56
741,map_9x9_95478b4b20,llama3.1:70b,9,0.09734396458904357,0.16666666666666666,0.022665439301883455,20,9,perfect abstraction,role3,necessary-domain1,domain3,json,out2,-4.614231487114286e-06,0.3333333333333333,1.3899984547778572e-05,56
742,map_9x9_95478b4b20,llama3.1:70b,10,0.07918811610864762,0.08802816901408451,0.0067647199908255,60,9,perfect abstraction,gpt1,domain2,test1,text,out4,-4.614231487114286e-06,0.5,4.614231487114286e-06,56
743,map_9x9_95478b4b20,llama3.1:70b,11,0.07736889618910167,0.09944751381215469,0.006599957889674947,60,9,perfect abstraction,gpt1,domain2,test1,json,out4,-4.614231487114286e-06,0.5,4.614231487114286e-06,56
744,map_9x9_95478b4b20,llama3.1:8b,0,0.09184233983089282,0.11764705882352941,0.015645918697480204,20,9,perfect abstraction,role1,necessary-domain2,domain2,text,out2,0.0,0.0,1.1000710849958928e-05,56
745,map_9x9_95478b4b20,llama3.1:8b,1,0.10420516456230669,0.4,0.07864240784355418,20,9,perfect abstraction,role1,necessary-domain2,domain2,json,out2,-4.614231487114286e-06,0.2,2.7040883987430356e-05,56
746,map_9x9_95478b4b20,llama3.1:8b,2,0.11247577077732958,0.2222222222222222,0.03548929160520412,20,9,perfect abstraction,role1,necessary-domain1,test3,text,out1,0.0,0.0,1.98401284537125e-05,56
747,map_9x9_95478b4b20,llama3.1:8b,3,0.11961982609672375,0.36363636363636365,0.06519762247325606,20,9,perfect abstraction,role1,necessary-domain1,test3,json,out1,0.0,0.0,2.9313941264433928e-05,56
748,map_9x9_95478b4b20,llama3.1:8b,4,0.12282349714628256,0.3076923076923077,0.05509701495736664,20,9,perfect abstraction,relation1,necessary-domain2,test3,text,out2,-4.614231487114286e-06,0.25,1.5471246803089286e-05,56
749,map_9x9_95478b4b20,llama3.1:8b,5,0.10966526387876485,0.2857142857142857,0.060583269240582036,20,9,perfect abstraction,relation1,necessary-domain2,test3,json,out2,0.0,0.0,4.614231487114286e-06,56
750,map_9x9_95478b4b20,llama3.1:8b,6,0.0931120515118012,0.11764705882352941,0.014221949732958445,20,9,perfect abstraction,relation2,necessary-domain2,performance3,text,out2,-1.0857015315975001e-05,0.2857142857142857,2.8244205528778573e-05,56
751,map_9x9_95478b4b20,llama3.1:8b,7,0.10408566054775228,0.3333333333333333,0.0607713006033546,20,9,perfect abstraction,relation2,necessary-domain2,performance3,json,out2,0.0,0.0,5.428507657987501e-06,56
752,map_9x9_95478b4b20,llama3.1:8b,8,0.11437787239022165,0.2857142857142857,0.048336712490065395,20,9,perfect abstraction,role3,necessary-domain1,domain3,text,out2,0.0,0.0,4.614231487114286e-06,56
753,map_9x9_95478b4b20,llama3.1:8b,9,0.13581567463388297,0.4,0.09124350767385592,20,9,perfect abstraction,role3,necessary-domain1,domain3,json,out2,0.0,0.0,1.1000710849958928e-05,56
754,map_9x9_95478b4b20,llama3.1:8b,10,0.08210372345970313,0.11182108626198083,0.012422598324636375,60,9,perfect abstraction,gpt1,domain2,test1,text,out4,0.0,0.0,1.0857015315975001e-05,56
755,map_9x9_95478b4b20,llama3.1:8b,11,0.0762511516874206,0.09433962264150943,0.007147731777858659,60,9,perfect abstraction,gpt1,domain2,test1,json,out4,-5.428507657987501e-06,1.0,0.0,56
756,map_9x9_95478b4b20,llama3.3:70b,0,0.08429568009716501,0.09090909090909091,0.005804739145562612,20,9,perfect abstraction,role1,necessary-domain2,domain2,text,out2,0.0,0.0,4.614231487114286e-06,56
757,map_9x9_95478b4b20,llama3.3:70b,1,0.08352941975294367,0.11764705882352941,0.014183915994307832,20,9,perfect abstraction,role1,necessary-domain2,domain2,json,out2,0.0,0.0,1.5471246803089286e-05,56
758,map_9x9_95478b4b20,llama3.3:70b,2,0.06990957516475196,0.07640449438202247,0.001840291845480773,20,9,perfect abstraction,role1,necessary-domain1,test3,text,out1,0.0,0.0,1.1000710849958928e-05,56
759,map_9x9_95478b4b20,llama3.3:70b,3,0.07052043793520933,0.07692307692307693,0.002934136235669076,20,9,perfect abstraction,role1,necessary-domain1,test3,json,out1,0.0,0.0,4.614231487114286e-06,56
760,map_9x9_95478b4b20,llama3.3:70b,4,0.07540028106921959,0.1,0.012354529314972973,20,9,perfect abstraction,relation1,necessary-domain2,test3,text,out2,0.0,0.0,6.386479362844643e-06,56
761,map_9x9_95478b4b20,llama3.3:70b,5,0.07496447667480116,0.11764705882352941,0.01259339750260064,20,9,perfect abstraction,relation1,necessary-domain2,test3,json,out2,0.0,0.0,4.614231487114286e-06,56
762,map_9x9_95478b4b20,llama3.3:70b,6,0.07514351543240202,0.1,0.007389478654257434,20,9,perfect abstraction,relation2,necessary-domain2,performance3,text,out2,4.614231487114286e-06,inf,5.428507657987501e-06,56
763,map_9x9_95478b4b20,llama3.3:70b,7,0.07088384370359381,0.08571428571428572,0.0060768273817433825,20,9,perfect abstraction,relation2,necessary-domain2,performance3,json,out2,0.0,0.0,4.614231487114286e-06,56
764,map_9x9_95478b4b20,llama3.3:70b,8,0.0795593220338983,0.08,0.001970771776779476,20,9,perfect abstraction,role3,necessary-domain1,domain3,text,out2,0.0,0.0,1.1814987020832142e-05,56
765,map_9x9_95478b4b20,llama3.3:70b,9,0.07897677817511113,0.11299435028248588,0.012132601559718263,20,9,perfect abstraction,role3,necessary-domain1,domain3,json,out2,0.0,0.0,1.8882156748855357e-05,56
766,map_9x9_95478b4b20,llama3.3:70b,10,0.0715432842572641,0.07870837537840565,0.0032037184719868766,60,9,perfect abstraction,gpt1,domain2,test1,text,out4,0.0,,0.0,56
767,map_9x9_95478b4b20,llama3.3:70b,11,0.07280106109385837,0.07692307692307693,0.002164118214430938,60,9,perfect abstraction,gpt1,domain2,test1,json,out4,-5.428507657987501e-06,0.5,5.428507657987501e-06,56
768,map_9x9_f39c50f428,deepseek-r1:14b,0,0.040336193848059185,0.064,0.008363625400408956,20,9,partial abstraction,role1,necessary-domain2,domain2,text,out2,-1.4656970632216073e-05,-inf,6.678660976744107e-05,56
769,map_9x9_f39c50f428,deepseek-r1:14b,1,0.037099393877039075,0.047619047619047616,0.002741705183921172,20,9,partial abstraction,role1,necessary-domain2,domain2,json,out2,-2.7598983475137502e-05,-0.29629627612378884,3.488614445640536e-05,56
770,map_9x9_f39c50f428,deepseek-r1:14b,2,0.04634990632640291,0.125,0.02191561928341274,20,9,partial abstraction,role1,necessary-domain1,test3,text,out1,-2.3828143520012497e-05,,4.223059552410536e-05,56
771,map_9x9_f39c50f428,deepseek-r1:14b,3,0.0560841881401616,0.2222222222222222,0.051082095577020606,20,9,partial abstraction,role1,necessary-domain1,test3,json,out1,8.166992460332678e-05,,-3.1168837809849997e-05,56
772,map_9x9_f39c50f428,deepseek-r1:14b,4,0.06032417346211537,0.2222222222222222,0.05125620044235591,20,9,partial abstraction,relation1,necessary-domain2,test3,text,out2,7.101424215805359e-06,inf,-1.6342813060398217e-05,56
773,map_9x9_f39c50f428,deepseek-r1:14b,5,0.055162702072642775,0.18604651162790697,0.04663074237009331,20,9,partial abstraction,relation1,necessary-domain2,test3,json,out2,1.772247875730357e-06,inf,5.964314432016071e-05,56
774,map_9x9_f39c50f428,deepseek-r1:14b,6,0.03742966608921685,0.04433497536945812,0.0028021412543623426,20,9,partial abstraction,relation2,necessary-domain2,performance3,text,out2,-5.428507657987501e-06,0.07692307692307693,7.561591764290359e-05,56
775,map_9x9_f39c50f428,deepseek-r1:14b,7,0.037430986542947055,0.042891183478951544,0.0022406409757393703,20,9,partial abstraction,relation2,necessary-domain2,performance3,json,out2,-1.8456925948457144e-05,0.033033008046691105,5.4859858715810716e-05,56
776,map_9x9_f39c50f428,deepseek-r1:14b,8,0.058764550862882146,0.2222222222222222,0.05670969824999949,20,9,partial abstraction,role3,necessary-domain1,domain3,text,out2,-8.772017789030357e-06,,8.01503170459107e-06,56
777,map_9x9_f39c50f428,deepseek-r1:14b,9,0.048783519046753,0.18604651162790697,0.03364314553564207,20,9,partial abstraction,role3,necessary-domain1,domain3,json,out2,3.7718018339498215e-05,,-1.7697840840330357e-05,56
778,map_9x9_f39c50f428,deepseek-r1:14b,10,0.03904888985539088,0.0640495867768595,0.005940008847800831,60,9,partial abstraction,gpt1,domain2,test1,text,out4,-3.0271912969289285e-05,-inf,0.0001159115641244732,56
779,map_9x9_f39c50f428,deepseek-r1:14b,11,0.03748993877319928,0.044182621502209134,0.0027106700021187237,60,9,partial abstraction,gpt1,domain2,test1,json,out4,-4.11862183717e-05,0.46153846153846156,3.407186828553036e-05,56
780,map_9x9_f39c50f428,deepseek-r1:32b,0,0.03676973849142867,0.042122316727420006,0.001831344271309715,20,9,partial abstraction,role1,necessary-domain2,domain2,text,out2,-1.7243494678819643e-05,1.1270270388553807,5.661028481664464e-05,56
781,map_9x9_f39c50f428,deepseek-r1:32b,1,0.04328946100712428,0.125,0.01942964058659372,20,9,partial abstraction,role1,necessary-domain2,domain2,json,out2,2.008547829020357e-05,inf,5.835341733126071e-05,56
782,map_9x9_f39c50f428,deepseek-r1:32b,2,0.058872015000273725,0.1568627450980392,0.03559011316209259,20,9,partial abstraction,role1,necessary-domain1,test3,text,out1,1.0687961198742857e-05,,3.668375091538214e-05,56
783,map_9x9_f39c50f428,deepseek-r1:32b,3,0.05412814767090977,0.18604651162790697,0.038150786231884684,20,9,partial abstraction,role1,necessary-domain1,test3,json,out1,8.235022957833929e-06,,5.230880298074821e-05,56
784,map_9x9_f39c50f428,deepseek-r1:32b,4,0.06617424995018556,0.25,0.05688877757866278,20,9,partial abstraction,relation1,necessary-domain2,test3,text,out2,3.663938669931071e-05,inf,1.8166120918017864e-06,56
785,map_9x9_f39c50f428,deepseek-r1:32b,5,0.04718718679490365,0.18604651162790697,0.0327904649022697,20,9,partial abstraction,relation1,necessary-domain2,test3,json,out2,3.3841767303998215e-05,inf,4.361805195609643e-05,56
786,map_9x9_f39c50f428,deepseek-r1:32b,6,0.04787185834498621,0.2222222222222222,0.041318668392678684,20,9,partial abstraction,relation2,necessary-domain2,performance3,text,out2,3.5901406247696426e-05,,-1.8201466383676786e-05,56
787,map_9x9_f39c50f428,deepseek-r1:32b,7,0.03680276195115362,0.04152249134948097,0.001842739341921726,20,9,partial abstraction,relation2,necessary-domain2,performance3,json,out2,-2.7353633638646425e-05,-inf,3.601317027849286e-05,56
788,map_9x9_f39c50f428,deepseek-r1:32b,8,0.04664137925757635,0.2222222222222222,0.04136311512346816,20,9,partial abstraction,role3,necessary-domain1,domain3,text,out2,3.348465343671072e-05,,-3.348465343671072e-05,56
789,map_9x9_f39c50f428,deepseek-r1:32b,9,0.038157638932739636,0.043478260869565216,0.0021960646740670988,20,9,partial abstraction,role3,necessary-domain1,domain3,json,out2,-4.5743159772378574e-05,-inf,0.00011248093142749643,56
790,map_9x9_f39c50f428,deepseek-r1:32b,11,0.03687106207781999,0.04100946372239748,0.0015957590849330133,60,9,partial abstraction,gpt1,domain2,test1,json,out4,-1.9696432919728568e-05,0.7878787713740091,7.627334844852499e-05,56
791,map_9x9_f39c50f428,deepseek-r1:70b,0,0.03832965516709987,0.050335570469798654,0.003692016055674005,20,9,partial abstraction,role1,necessary-domain2,domain2,text,out2,-1.9271202119330356e-05,0.03603600877820848,5.301131512082142e-05,56
792,map_9x9_f39c50f428,deepseek-r1:70b,2,0.03936940992414311,0.053571428571428575,0.003899986060786908,20,9,partial abstraction,role1,necessary-domain1,test3,text,out1,-1.8882156748855357e-05,0.20587981775667374,6.639756439696429e-05,56
793,map_9x9_f39c50f428,deepseek-r1:70b,3,0.04996160322187568,0.2222222222222222,0.04076144762970569,20,9,partial abstraction,role1,necessary-domain1,test3,json,out1,8.414186803353574e-06,inf,3.65466283013375e-05,56
794,map_9x9_f39c50f428,deepseek-r1:70b,4,0.03853457449555446,0.07142857142857142,0.00789901598634397,20,9,partial abstraction,relation1,necessary-domain2,test3,text,out2,-9.228462974228572e-06,inf,5.49272585305375e-05,56
795,map_9x9_f39c50f428,deepseek-r1:70b,5,0.039971609310294844,0.06165703275529865,0.007856644347408025,20,9,partial abstraction,relation1,necessary-domain2,test3,json,out2,1.8313230414473216e-05,inf,3.697114198335357e-05,56
796,map_9x9_f39c50f428,deepseek-r1:70b,6,0.038434296126392195,0.04982817869415807,0.003916694113187162,20,9,partial abstraction,relation2,necessary-domain2,performance3,text,out2,-2.6615653187032144e-05,0.044196605845069264,9.273803526800715e-05,56
797,map_9x9_f39c50f428,deepseek-r1:70b,7,0.036298340736133965,0.04137931034482759,0.0018327349252030673,20,9,partial abstraction,relation2,necessary-domain2,performance3,json,out2,-1.62855229739625e-05,,3.97267201471875e-05,56
798,map_9x9_f39c50f428,deepseek-r1:70b,8,0.03806829509378025,0.04975124378109452,0.0037552624596974113,20,9,partial abstraction,role3,necessary-domain1,domain3,text,out2,-5.428507657987501e-06,0.6060605895558272,6.329940410241607e-05,56
799,map_9x9_f39c50f428,deepseek-r1:70b,9,0.03923158297739893,0.04534005037783375,0.002237971679194565,20,9,partial abstraction,role3,necessary-domain1,domain3,json,out2,-1.1000710849958928e-05,-0.4242424077376454,7.138183562173035e-05,56
800,map_9x9_f39c50f428,deepseek-r1:70b,10,0.037802245981990994,0.041666666666666664,0.0023826726342817553,60,9,partial abstraction,gpt1,domain2,test1,text,out4,-1.9641241856982142e-05,0.5,2.4587945746521428e-05,56
801,map_9x9_f39c50f428,deepseek-r1:70b,11,0.04753504127604545,0.2222222222222222,0.04044163044882099,60,9,partial abstraction,gpt1,domain2,test1,json,out4,1.4656970632216073e-05,inf,1.5528536889526785e-05,56
802,map_9x9_f39c50f428,deepseek-r1:7b,0,0.047905806652926715,0.1702127659574468,0.029519771592047248,20,9,partial abstraction,role1,necessary-domain2,domain2,text,out2,1.0100029231537499e-05,inf,1.3386249276142856e-05,56
803,map_9x9_f39c50f428,deepseek-r1:7b,1,0.03795060458787459,0.04870466321243523,0.0031068870311315266,20,9,partial abstraction,role1,necessary-domain2,domain2,json,out2,-2.2001421699917856e-05,0.03603601678650299,7.113648578523928e-05,56
804,map_9x9_f39c50f428,deepseek-r1:7b,2,0.036986636165351215,0.04,0.00179764962951655,20,9,partial abstraction,role1,necessary-domain1,test3,text,out1,-2.1043449995060716e-05,0.4277777812498621,5.098360768031071e-05,56
805,map_9x9_f39c50f428,deepseek-r1:7b,3,0.047847976863369626,0.18604651162790697,0.0327027981931379,20,9,partial abstraction,role1,necessary-domain1,test3,json,out1,-1.0355488796317856e-05,,5.322545057251072e-05,56
806,map_9x9_f39c50f428,deepseek-r1:7b,4,0.04092852519500025,0.05825242718446603,0.005416634150192068,20,9,partial abstraction,relation1,necessary-domain2,test3,text,out2,-3.784270824065893e-05,1.4238310183142788,7.658609809973928e-05,56
807,map_9x9_f39c50f428,deepseek-r1:7b,5,0.04061114341441964,0.08333333333333333,0.010504950909219974,20,9,partial abstraction,relation1,necessary-domain2,test3,json,out2,3.109629886845357e-05,,-5.116362479464293e-07,56
808,map_9x9_f39c50f428,deepseek-r1:7b,6,0.05089714568346891,0.18604651162790697,0.03496702679724988,20,9,partial abstraction,relation2,necessary-domain2,performance3,text,out2,4.9431351057825e-05,inf,-1.2603904608458927e-05,56
809,map_9x9_f39c50f428,deepseek-r1:7b,7,0.04753324114831001,0.18604651162790697,0.03335060545265764,20,9,partial abstraction,relation2,necessary-domain2,performance3,json,out2,2.7072098372233927e-05,,-1.947218773975e-05,56
810,map_9x9_f39c50f428,deepseek-r1:7b,8,0.04658985493091346,0.18604651162790697,0.03315452482038383,20,9,partial abstraction,role3,necessary-domain1,domain3,text,out2,4.8687514804653574e-05,inf,9.061507880685712e-06,56
811,map_9x9_f39c50f428,deepseek-r1:7b,9,0.0450558008570527,0.1,0.017075844671288202,20,9,partial abstraction,role3,necessary-domain1,domain3,json,out2,-2.8781200359973215e-05,,2.501245942853393e-05,56
812,map_9x9_f39c50f428,deepseek-r1:7b,10,0.03939113199513681,0.04611650485436894,0.003075205527380887,60,9,partial abstraction,gpt1,domain2,test1,text,out4,-2.937123135086786e-05,0.5008049703252486,8.32832280901107e-05,56
813,map_9x9_f39c50f428,deepseek-r1:7b,11,0.043268877508718086,0.11267605633802817,0.016578301512843483,60,9,partial abstraction,gpt1,domain2,test1,json,out4,-2.2483225468366072e-05,,4.58868553063625e-05,56
814,map_9x9_f39c50f428,deepseek-r1:8b,0,0.03937673240439541,0.059813084112149535,0.0051923434485953,20,9,partial abstraction,role1,necessary-domain2,domain2,text,out2,-2.9313941264433928e-05,,7.874529232225715e-05,56
815,map_9x9_f39c50f428,deepseek-r1:8b,1,0.03716103071134315,0.041289023162134945,0.001824841072983216,20,9,partial abstraction,role1,necessary-domain2,domain2,json,out2,-2.02291738241875e-05,-inf,5.168540270200179e-05,56
816,map_9x9_f39c50f428,deepseek-r1:8b,2,0.04824419956643659,0.18604651162790697,0.03462372314307347,20,9,partial abstraction,role1,necessary-domain1,test3,text,out1,3.075443385612321e-05,inf,3.322637772985536e-05,56
817,map_9x9_f39c50f428,deepseek-r1:8b,3,0.04764274006936481,0.18604651162790697,0.03419514963675131,20,9,partial abstraction,role1,necessary-domain1,test3,json,out1,3.131253334383036e-05,inf,2.6814539783766073e-05,56
818,map_9x9_f39c50f428,deepseek-r1:8b,4,0.0416466987852233,0.06037151702786379,0.006321356272179066,20,9,partial abstraction,relation1,necessary-domain2,test3,text,out2,-5.601224312114821e-05,0.6428571428571429,3.058466262050714e-05,56
819,map_9x9_f39c50f428,deepseek-r1:8b,5,0.04098876427018592,0.0728476821192053,0.008358443438825353,20,9,partial abstraction,relation1,necessary-domain2,test3,json,out2,-1.5471246803089286e-05,-inf,3.6514696798150005e-05,56
820,map_9x9_f39c50f428,deepseek-r1:8b,6,0.038073458202614076,0.046364594309799785,0.0026581239016259988,20,9,partial abstraction,relation2,necessary-domain2,performance3,text,out2,-2.9125881514376786e-05,0.3076923076923077,4.655743594325179e-05,56
821,map_9x9_f39c50f428,deepseek-r1:8b,7,0.04948286234066309,0.2857142857142857,0.05563169847787452,20,9,partial abstraction,relation2,necessary-domain2,performance3,json,out2,-2.1857726165935716e-05,0.31168360086028996,5.0112041423003574e-05,56
822,map_9x9_f39c50f428,deepseek-r1:8b,8,0.03953900800003869,0.0625,0.006029429506123804,20,9,partial abstraction,role3,necessary-domain1,domain3,text,out2,-3.018550752174107e-05,0.8205128065472385,6.760088593831429e-05,56
823,map_9x9_f39c50f428,deepseek-r1:8b,9,0.04575017235872595,0.13333333333333333,0.02191476153957989,20,9,partial abstraction,role3,necessary-domain1,domain3,json,out2,3.1957755397471435e-05,inf,3.4872056650249955e-06,56
824,map_9x9_f39c50f428,deepseek-r1:8b,10,0.04112880954409552,0.07349665924276169,0.007916098439780105,60,9,partial abstraction,gpt1,domain2,test1,text,out4,-2.855695517999464e-05,-inf,7.131443580700714e-05,56
825,map_9x9_f39c50f428,deepseek-r1:8b,11,0.04105014655850881,0.05087440381558029,0.0035701229180478914,60,9,partial abstraction,gpt1,domain2,test1,json,out4,-1.9271202119330356e-05,0.3076923076923077,6.589603787730715e-05,56
826,map_9x9_f39c50f428,llama3.1:70b,0,0.05041772094939392,0.2222222222222222,0.04074183118960357,20,9,partial abstraction,role1,necessary-domain2,domain2,text,out2,3.4867138823580354e-05,inf,1.3601669066017863e-06,56
827,map_9x9_f39c50f428,llama3.1:70b,1,0.038481240714885276,0.045133991537376586,0.003300748227642473,20,9,partial abstraction,role1,necessary-domain2,domain2,json,out2,-1.0042739145101785e-05,0.25,4.606673627026964e-05,56
828,map_9x9_f39c50f428,llama3.1:70b,2,0.038297979604639265,0.0431266846361186,0.001838520567635164,20,9,partial abstraction,role1,necessary-domain1,test3,text,out1,-4.3782852146592854e-05,0.32653061955852625,5.199815235321786e-05,56
829,map_9x9_f39c50f428,llama3.1:70b,3,0.039621532655197425,0.05405405405405406,0.004228357592957508,20,9,partial abstraction,role1,necessary-domain1,test3,json,out1,-3.4742448922419645e-05,-inf,8.5946047855975e-05,56
830,map_9x9_f39c50f428,llama3.1:70b,4,0.04128243127282758,0.046242774566473986,0.003629593016382236,20,9,partial abstraction,relation1,necessary-domain2,test3,text,out2,-3.3113896580673216e-05,0.7350578828739389,6.380093062207144e-05,56
831,map_9x9_f39c50f428,llama3.1:70b,5,0.042061812927843174,0.08163265306122448,0.010003436206889914,20,9,partial abstraction,relation1,necessary-domain2,test3,json,out2,1.9184796671782144e-05,,3.10861891401625e-05,56
832,map_9x9_f39c50f428,llama3.1:70b,6,0.042259027730315604,0.058823529411764705,0.005736678624352952,20,9,partial abstraction,relation2,necessary-domain2,performance3,text,out2,2.7085248203501787e-05,inf,4.2144190076557136e-05,56
833,map_9x9_f39c50f428,llama3.1:70b,7,0.04283292699726392,0.07142857142857142,0.0077390342733503125,20,9,partial abstraction,relation2,necessary-domain2,performance3,json,out2,0.00016906657477928037,inf,-0.0001386037859178607,56
834,map_9x9_f39c50f428,llama3.1:70b,8,0.040014684318643426,0.047619047619047616,0.003954614584305522,20,9,partial abstraction,role3,necessary-domain1,domain3,text,out2,-1.8456925948457144e-05,-inf,4.9154069718144646e-05,56
835,map_9x9_f39c50f428,llama3.1:70b,9,0.05088319381862224,0.25,0.04692394074374863,20,9,partial abstraction,role3,necessary-domain1,domain3,json,out2,4.442364332196441e-07,inf,1.2460209074473215e-05,56
836,map_9x9_f39c50f428,llama3.1:70b,10,0.038043202598682886,0.04219409282700422,0.0018047702580018406,60,9,partial abstraction,gpt1,domain2,test1,text,out4,-2.8244205528778573e-05,-inf,7.981502805790894e-05,56
837,map_9x9_f39c50f428,llama3.1:70b,11,0.03762756674511011,0.04329004329004329,0.0016710110867291187,60,9,partial abstraction,gpt1,domain2,test1,json,out4,-4.498617368794108e-05,0.694618022000456,2.9313941264433928e-05,56
838,map_9x9_f39c50f428,llama3.1:8b,0,0.042136302320643984,0.047619047619047616,0.002942989426982685,20,9,partial abstraction,role1,necessary-domain2,domain2,text,out2,-2.9882867598814283e-05,-inf,6.92416470320375e-05,56
839,map_9x9_f39c50f428,llama3.1:8b,1,0.039212450978242594,0.047267355982274745,0.003136358341268027,20,9,partial abstraction,role1,necessary-domain2,domain2,json,out2,-3.0271912969289285e-05,0.015708964476508047,7.500262709245e-05,56
840,map_9x9_f39c50f428,llama3.1:8b,2,0.0549591755395759,0.2222222222222222,0.041066440889162656,20,9,partial abstraction,role1,necessary-domain1,test3,text,out1,2.2672002336807145e-05,inf,7.766898366666429e-05,56
841,map_9x9_f39c50f428,llama3.1:8b,3,0.05133286746261789,0.1111111111111111,0.020859646229164534,20,9,partial abstraction,role1,necessary-domain1,test3,json,out1,-3.10861891401625e-05,-inf,3.463068489162321e-05,56
842,map_9x9_f39c50f428,llama3.1:8b,4,0.04276906596910843,0.05203252032520325,0.0047822061176192344,20,9,partial abstraction,relation1,necessary-domain2,test3,text,out2,-3.398546283798214e-05,-inf,7.417735599335356e-05,56
843,map_9x9_f39c50f428,llama3.1:8b,5,0.06427076024151214,0.2222222222222222,0.05121903774382403,20,9,partial abstraction,relation1,necessary-domain2,test3,json,out2,1.48006661662e-05,inf,5.7539141160387496e-05,56
844,map_9x9_f39c50f428,llama3.1:8b,6,0.040471588404999995,0.047619047619047616,0.0028188877643430567,20,9,partial abstraction,relation2,necessary-domain2,performance3,text,out2,-2.9202177233635712e-05,0.8015152781441471,6.752459021905536e-05,56
845,map_9x9_f39c50f428,llama3.1:8b,7,0.04198100815512674,0.06299212598425197,0.00693490958827003,20,9,partial abstraction,relation2,necessary-domain2,performance3,json,out2,1.5712622553107146e-06,inf,2.49006953977375e-05,56
846,map_9x9_f39c50f428,llama3.1:8b,8,0.044743393314977634,0.07142857142857142,0.01015941775101001,20,9,partial abstraction,role3,necessary-domain1,domain3,text,out2,0.0,0.0,4.5129869221925e-05,56
847,map_9x9_f39c50f428,llama3.1:8b,9,0.048757326103767,0.2222222222222222,0.040978817637962725,20,9,partial abstraction,role3,necessary-domain1,domain3,json,out2,1.28657171236625e-05,inf,-8.39518117053214e-06,56
848,map_9x9_f39c50f428,llama3.1:8b,10,0.04240794667510606,0.07142857142857142,0.0098336783178743,60,9,partial abstraction,gpt1,domain2,test1,text,out4,0.00014741784493836605,inf,-8.858897678908214e-05,56
849,map_9x9_f39c50f428,llama3.1:8b,11,0.0376037793466808,0.0431328036322361,0.0018553052812190717,60,9,partial abstraction,gpt1,domain2,test1,json,out4,-2.445435994082678e-05,0.7337337670488563,2.8499665093558928e-05,56
850,map_9x9_f39c50f428,llama3.3:70b,0,0.04401151861477086,0.046875,0.003614641641035745,20,9,partial abstraction,role1,necessary-domain2,domain2,text,out2,-2.4843405311301786e-05,0.45454545454545453,3.829705440216964e-05,56
851,map_9x9_f39c50f428,llama3.3:70b,1,0.043695911314134396,0.06896551724137931,0.008570810269102464,20,9,partial abstraction,role1,necessary-domain2,domain2,json,out2,-4.6445671912455355e-05,1.0244402145444722,2.4843405311301786e-05,56
852,map_9x9_f39c50f428,llama3.3:70b,2,0.036838299243241716,0.046242774566473986,0.0023633757996618498,20,9,partial abstraction,role1,necessary-domain1,test3,text,out1,0.0,0.0,5.4716163181826784e-05,56
853,map_9x9_f39c50f428,llama3.3:70b,3,0.03691859087611256,0.046242774566473986,0.002424803933310774,20,9,partial abstraction,role1,necessary-domain1,test3,json,out1,-3.916862065947857e-05,0.7169669919533089,4.2086899990123215e-05,56
854,map_9x9_f39c50f428,llama3.3:70b,4,0.03764989243272531,0.047619047619047616,0.0033305028389286435,20,9,partial abstraction,relation1,necessary-domain2,test3,text,out2,-3.285843701589286e-05,-0.04091106567628364,8.502564348634465e-05,56
855,map_9x9_f39c50f428,llama3.3:70b,5,0.0375726744516878,0.047619047619047616,0.0032683510952235054,20,9,partial abstraction,relation1,necessary-domain2,test3,json,out2,-2.185772616593393e-05,-0.19047617750814996,7.189347186967678e-05,56
856,map_9x9_f39c50f428,llama3.3:70b,6,0.0415417351071837,0.046242774566473986,0.004030828043963052,20,9,partial abstraction,relation2,necessary-domain2,performance3,text,out2,-3.479973900885536e-05,0.9471729712480528,7.542714077446429e-05,56
857,map_9x9_f39c50f428,llama3.3:70b,7,0.046105954290251265,0.18604651162790697,0.03409607091312838,20,9,partial abstraction,relation2,necessary-domain2,performance3,json,out2,3.5142321139569645e-05,inf,-2.1187145529042856e-05,56
858,map_9x9_f39c50f428,llama3.3:70b,8,0.03902439024390244,0.03902439024390244,0.0,20,9,partial abstraction,role3,necessary-domain1,domain3,text,out2,-4.195331418442679e-05,0.17955647263062555,8.94396064714232e-05,56
859,map_9x9_f39c50f428,llama3.3:70b,9,0.037627891115815555,0.03996669442131557,0.001611175706778238,20,9,partial abstraction,role3,necessary-domain1,domain3,json,out2,-4.3213925812210716e-05,0.17222486716367386,6.797092567596428e-05,56
860,map_9x9_f39c50f428,llama3.3:70b,10,0.03654739609448992,0.03852327447833066,0.0009048917597676211,60,9,partial abstraction,gpt1,domain2,test1,text,out4,-4.2824880441735714e-05,-0.03921567559494702,7.332313761469286e-05,56
861,map_9x9_f39c50f428,llama3.3:70b,11,0.03633604352529043,0.03768844221105528,0.0006702984603491676,60,9,partial abstraction,gpt1,domain2,test1,json,out4,-9.228462974228572e-06,-inf,7.956592144355358e-05,56
